신문사,제목,링크
한국경제,김범수 무죄…'주가조작' 족쇄 푼 카카오,https://n.news.naver.com/article/newspaper/015/0005200054?date=20251022
한국경제,사흘새 달라진 트럼프 기류…김용범·김정관 다시 미국행,https://n.news.naver.com/article/newspaper/015/0005200051?date=20251022
한국경제,잔금도 대출규제…끊어진 청약사다리,https://n.news.naver.com/article/newspaper/015/0005200042?date=20251022
한국경제,얼굴로 결제…규제 풀자 커진 中 신산업,https://n.news.naver.com/article/newspaper/015/0005200041?date=20251022
한국경제,[이 아침의 비형가] 비평·저술 넘나드는…日 영화계의 큰 스승,https://n.news.naver.com/article/newspaper/015/0005200067?date=20251022
한국경제,"'1등 경제 플랫폼' 한경 닷컴, 100만 회원 돌파",https://n.news.naver.com/article/newspaper/015/0005200063?date=20251022
한국경제,"[알립니다] 한경, WSJ와 첫 포럼·네트워킹 행사 개최",https://n.news.naver.com/article/newspaper/015/0005200062?date=20251022
한국경제,'데이터 투자' 에픽AI 돌풍…첫날 1100명 가입,https://n.news.naver.com/article/newspaper/015/0005200068?date=20251022
한국경제,"기업가 발목잡은 檢, 또 항소할까",https://n.news.naver.com/article/newspaper/015/0005200069?date=20251022
한국경제,"'끼워맞추기 檢수사' 직격한 법원…""별건 수사 이젠 그만해야""",https://n.news.naver.com/article/newspaper/015/0005200055?date=20251022
한국경제,AI·스테이블코인…'잃어버린 3년' 되찾을 신사업 탄력,https://n.news.naver.com/article/newspaper/015/0005200070?date=20251022
한국경제,씨 마르는 전세…월세 치솟는다,https://n.news.naver.com/article/newspaper/015/0005200023?date=20251022
한국경제,"""나중에 집 사라""던 이상경 국토 1차관, 분당에 갭투자 논란",https://n.news.naver.com/article/newspaper/015/0005200022?date=20251022
한국경제,"""당장 5000만원도 빠듯한데…"" 외벌이 30대 가장 '한숨'",https://n.news.naver.com/article/newspaper/015/0005200057?date=20251022
한국경제,"""韓과 공정한 협상"" 이틀 뒤 방미길…러트닉과 '최종 관세담판'",https://n.news.naver.com/article/newspaper/015/0005200184?date=20251022
한국경제,한미 공동성명에 원자력 협정·국방비 포함될 듯,https://n.news.naver.com/article/newspaper/015/0005200052?date=20251022
한국경제,시진핑과 담판 앞두고…美·호주·日 '희토류 동맹',https://n.news.naver.com/article/newspaper/015/0005200076?date=20251022
한국경제,"""美 선박, 韓서 건조""…한미 조선업 협력위 만든다",https://n.news.naver.com/article/newspaper/015/0005200071?date=20251022
한국경제,"유능한 청년농 육성…정부, 농업인 퇴직연금제 도입",https://n.news.naver.com/article/newspaper/015/0005200080?date=20251022
한국경제,與 부동산TF 띄우자…野 특위로 '맞불',https://n.news.naver.com/article/newspaper/015/0005200064?date=20251022
한국경제,"박찬대 ""캄보디아 납치 사태 계기로 영사조력법 개정해야""",https://n.news.naver.com/article/newspaper/015/0005200075?date=20251022
한국경제,삼둥이 태아보험 가입 '하늘의 별따기',https://n.news.naver.com/article/newspaper/015/0005200074?date=20251022
한국경제,"李 ""비생산적 투기수요 억제…가용한 정책 수단 집중 투입""",https://n.news.naver.com/article/newspaper/015/0005200082?date=20251022
한국경제,"국내 해운사, LNG 운송률 70%로 대폭 늘린다",https://n.news.naver.com/article/newspaper/015/0005200056?date=20251022
한국경제,"""APEC은 수출 늘릴 절호의 기회""…전국 전시장서 '붐업 코리아 위크'",https://n.news.naver.com/article/newspaper/015/0005200085?date=20251022
한국경제,'탄소배출권' 할당 연구 특정社 독점 수립 논란,https://n.news.naver.com/article/newspaper/015/0005200086?date=20251022
한국경제,방위 고이즈미·총무 하야시…라이벌 '전면 배치',https://n.news.naver.com/article/newspaper/015/0005200163?date=20251022
한국경제,'아베노믹스 시즌2' 예고에 닛케이 5만 눈앞…인플레 역풍 우려도,https://n.news.naver.com/article/newspaper/015/0005200039?date=20251022
한국경제,대학 등록금 묶었던 英 정부…물가상승률만큼 인상 허용,https://n.news.naver.com/article/newspaper/015/0005200033?date=20251022
한국경제,"美 전문직 비자 수수료 10만달러, 신규 신청만 적용",https://n.news.naver.com/article/newspaper/015/0005200032?date=20251022
한국경제,방위 고이즈미·총무 하야시…라이벌 '전면 배치',https://n.news.naver.com/article/newspaper/015/0005200036?date=20251022
한국경제,"""가자, 휴전 아닌 공격 감소""…트럼프 평화구상 흔들린다",https://n.news.naver.com/article/newspaper/015/0005200030?date=20251022
한국경제,A1-10,javascript:;
한국경제,전화구독문의,https://members.hankyung.com/
한국경제,공급과잉땐 담합도 OK…中은 비효율 제거 '끝판왕',https://n.news.naver.com/article/newspaper/015/0005199991?date=20251022
한국경제,"그야말로 '드론의 민족'…""中, 압도적 세계 1위"" 이유 있었다",https://n.news.naver.com/article/newspaper/015/0005199993?date=20251022
한국경제,"""더러운 산업"" 美가 손 뗄 때…환경규제 풀어 희토류 독점",https://n.news.naver.com/article/newspaper/015/0005199990?date=20251022
한국경제,DNA 서열 제출땐 즉시 임상…中우시에 '신약개발 고속도로',https://n.news.naver.com/article/newspaper/015/0005199989?date=20251022
한국경제,자율주행 시범 구간 3만8000㎞…중국은 '무인차 천국',https://n.news.naver.com/article/newspaper/015/0005199995?date=20251022
한국경제,中 '핀테크 퀀텀 점프'…현금서 QR 결제 직행,https://n.news.naver.com/article/newspaper/015/0005199994?date=20251022
한국경제,"""14억 개인정보 맘껏 써라""…챗GPT 제친 中 공산당의 '파격'",https://n.news.naver.com/article/newspaper/015/0005200060?date=20251022
한국경제,"최재천 교수 ""승자독식 AI는 양보·배려 못 해…협력하는 호모 심비우스 키워야""",https://n.news.naver.com/article/newspaper/015/0005200020?date=20251022
한국경제,학생 선발도 등록금도 정부 입김에 '좌지우지',https://n.news.naver.com/article/newspaper/015/0005200019?date=20251022
한국경제,'수입차 무덤' 日 뚫는다…반전 노린 현대차 '파격 카드',https://n.news.naver.com/article/newspaper/015/0005200094?date=20251022
한국경제,"현대모비스, 사내 AI 모델…업무 효율성 대폭 높인다",https://n.news.naver.com/article/newspaper/015/0005200084?date=20251022
한국경제,"세아그룹 ""5년내 특수합금 글로벌 톱5 될 것""",https://n.news.naver.com/article/newspaper/015/0005200089?date=20251022
한국경제,美 관세에 날지 못한 대한항공,https://n.news.naver.com/article/newspaper/015/0005200088?date=20251022
한국경제,"삼성바이오에피스, 中기업과 차세대 ADC 신약 만든다",https://n.news.naver.com/article/newspaper/015/0005200087?date=20251022
한국경제,"ESS에 '올인'하는 SK온…""안전성 앞세워 사업 확장""",https://n.news.naver.com/article/newspaper/015/0005200090?date=20251022
한국경제,"""투자는 4000만원까지만""…중복규제에 문 닫는 온투업",https://n.news.naver.com/article/newspaper/015/0005200028?date=20251022
한국경제,"셀트리온, 3분기 영업익 3010억 '역대 최대'…매출도 1조 넘겼다",https://n.news.naver.com/article/newspaper/015/0005200026?date=20251022
한국경제,K핀테크 유니콘 토스·두나무뿐,https://n.news.naver.com/article/newspaper/015/0005200027?date=20251022
한국경제,"SK바이오팜, AI 뇌전증 관리 사업 시작",https://n.news.naver.com/article/newspaper/015/0005200014?date=20251022
한국경제,"삼성SDI, 전기안전공사와 ESS 산업발전 업무협약",https://n.news.naver.com/article/newspaper/015/0005200013?date=20251022
한국경제,"인텔리안테크 ""해상 조난용 통신 시장 진출""",https://n.news.naver.com/article/newspaper/015/0005200012?date=20251022
한국경제,삼성SDS 컨소시엄 국가AI컴퓨팅 입찰,https://n.news.naver.com/article/newspaper/015/0005200136?date=20251022
한국경제,"한때는 '신의 직장'이었는데…""안 갈래요"" 취준생 돌변하더니",https://n.news.naver.com/article/newspaper/015/0005200021?date=20251022
한국경제,특허괴물 공격 거세지는데…국내 기업 지원 예산은 급감,https://n.news.naver.com/article/newspaper/015/0005200015?date=20251022
한국경제,"김희성 BEP 의장""태양광·ESS·전기차 충전소 통합 새 에너지 생태계 플랫폼 만든다"" [긱스]",https://n.news.naver.com/article/newspaper/015/0005200035?date=20251022
한국경제,"""전력 소모·비용 확 줄여라""…몸 키우던 AI, 이젠 '소형 경쟁' [긱스]",https://n.news.naver.com/article/newspaper/015/0005200040?date=20251022
한국경제,"'AI 게임 엔진 개발' 아폴로스튜디오, 시드 투자 유치 [긱스]",https://n.news.naver.com/article/newspaper/015/0005200031?date=20251022
한국경제,"'토종 NPU' 딥엑스·리벨리온, 亞 AI 시장 공략 [긱스]",https://n.news.naver.com/article/newspaper/015/0005200034?date=20251022
한국경제,'가성비 불패'…불황에도 실적 경신한 신성통상,https://n.news.naver.com/article/newspaper/015/0005200046?date=20251022
한국경제,"""7000억 투입해 거래액 40조""…G마켓, 부활 신호탄 쏜다",https://n.news.naver.com/article/newspaper/015/0005200047?date=20251022
한국경제,"헤라, 日 주요 백화점 입점…한큐·미쓰코시에 정식 매장",https://n.news.naver.com/article/newspaper/015/0005200044?date=20251022
한국경제,美관세·고비용…K푸드 성장 우려 확산,https://n.news.naver.com/article/newspaper/015/0005200043?date=20251022
한국경제,치솟는 금값에 주얼리 줄인상,https://n.news.naver.com/article/newspaper/015/0005200045?date=20251022
한국경제,"BNK금융 겨냥한 이찬진 ""회장 선임절차 특이해""",https://n.news.naver.com/article/newspaper/015/0005200002?date=20251022
한국경제,"KB국민카드, 4억달러 조달 성공",https://n.news.naver.com/article/newspaper/015/0005199999?date=20251022
한국경제,'골드바 품귀' 확산…신한은행 1㎏도 판매 중단,https://n.news.naver.com/article/newspaper/015/0005199998?date=20251022
한국경제,"코스콤, 태국 거래소에 차세대 결제 시스템 구축",https://n.news.naver.com/article/newspaper/015/0005199997?date=20251022
한국경제,보험사도 자회사 통해 임대주택사업 진출 가능,https://n.news.naver.com/article/newspaper/015/0005199996?date=20251022
한국경제,강세장에 외면받는 커버드콜,https://n.news.naver.com/article/newspaper/015/0005200065?date=20251022
한국경제,"달리던 증권주 '비틀'…""일시 조정 그칠 것""",https://n.news.naver.com/article/newspaper/015/0005200061?date=20251022
한국경제,"ESS 열풍에 뜬 엘앤에프, 매도 폭탄 주의보",https://n.news.naver.com/article/newspaper/015/0005200058?date=20251022
한국경제,"에이피알·HD현대마린솔루션, MSCI 韓지수 신규 편입 유력",https://n.news.naver.com/article/newspaper/015/0005200059?date=20251022
한국경제,"넷플릭스, 제너럴모터스(GM) 직전 분기 실적",https://n.news.naver.com/article/newspaper/015/0005200050?date=20251022
한국경제,[특징주 & 리포트] '목표가 높아진 오리온홀딩스' 등,https://n.news.naver.com/article/newspaper/015/0005200053?date=20251022
한국경제,"""국장은 안 믿어"" 곱버스 탄 개미들…역대급 불장에 '아뿔싸'",https://n.news.naver.com/article/newspaper/015/0005200072?date=20251022
한국경제,치솟던 양자컴 조정국면 진입,https://n.news.naver.com/article/newspaper/015/0005200079?date=20251022
한국경제,관세 수혜에 희토류 개발까지…美 철강기업 주가 '껑충',https://n.news.naver.com/article/newspaper/015/0005200081?date=20251022
한국경제,"'아이폰17' 역대급 흥행…애플, 천장 뚫었다",https://n.news.naver.com/article/newspaper/015/0005200078?date=20251022
한국경제,이달 중학개미 순매수 1위는 '알리바바',https://n.news.naver.com/article/newspaper/015/0005200073?date=20251022
한국경제,김포 풍무역세권에 7000가구 '미니 신도시' 뜬다,https://n.news.naver.com/article/newspaper/015/0005199988?date=20251022
한국경제,수도권 공략 속도 내는 HS화성,https://n.news.naver.com/article/newspaper/015/0005199985?date=20251022
한국경제,AI로 시공 단계부터 '하자 제로',https://n.news.naver.com/article/newspaper/015/0005199982?date=20251022
한국경제,"수도권 공공재개발 8곳, 행정절차에 '발목'",https://n.news.naver.com/article/newspaper/015/0005199986?date=20251022
한국경제,조합 설립·사업성 개선…가로주택정비 쉬워진다,https://n.news.naver.com/article/newspaper/015/0005199984?date=20251022
한국경제,"규제 피한 울산·부산·충북, 거래·가격 '쑥쑥'",https://n.news.naver.com/article/newspaper/015/0005199983?date=20251022
한국경제,도심 공공 복합사업…5년내 5만가구 착공,https://n.news.naver.com/article/newspaper/015/0005199987?date=20251022
한국경제,"""명품 박람회 만들고…제값 못받는 대구 FIX""",https://n.news.naver.com/article/newspaper/015/0005200011?date=20251022
한국경제,AI가 흡연단속…일상 속 첨단기술 뽐낸 서초,https://n.news.naver.com/article/newspaper/015/0005200123?date=20251022
한국경제,부산 녹산산단에 AX실증단지…조선기자재 제조공정 'AI 혁신',https://n.news.naver.com/article/newspaper/015/0005200010?date=20251022
한국경제,"경남, 부산항만공사에 개명 요청",https://n.news.naver.com/article/newspaper/015/0005200008?date=20251022
한국경제,"부산종합민속예술제, 25~26일 개최",https://n.news.naver.com/article/newspaper/015/0005200006?date=20251022
한국경제,"울산, 바이오화학社 케미폴리오와 투자협약",https://n.news.naver.com/article/newspaper/015/0005200005?date=20251022
한국경제,경남수목원 내달 16일까지 단풍축제,https://n.news.naver.com/article/newspaper/015/0005200004?date=20251022
한국경제,울산 산악달리기 대회…영남알프스 억새평원 달린다,https://n.news.naver.com/article/newspaper/015/0005200007?date=20251022
한국경제,"강남구, 지방소득세·주민세 사전안내",https://n.news.naver.com/article/newspaper/015/0005200118?date=20251022
한국경제,"""지역기업에 더 투자할 것""…수원 '2차 새빛펀드' 시동",https://n.news.naver.com/article/newspaper/015/0005200122?date=20251022
한국경제,독서·체육·문화 한곳에…영등포 '젊은 도시'로 변신,https://n.news.naver.com/article/newspaper/015/0005200120?date=20251022
한국경제,"동작구, 25일 반려동물 명랑운동회",https://n.news.naver.com/article/newspaper/015/0005200119?date=20251022
한국경제,'해병대원 순직 책임' 임성근 영장청구,https://n.news.naver.com/article/newspaper/015/0005200097?date=20251022
한국경제,"캄보디아 사망 대학생, 74일만에 가족 품으로",https://n.news.naver.com/article/newspaper/015/0005200091?date=20251022
한국경제,'피살 대학생 화장' 캄보디아 사원…한국인 시신 4구 추가 확인,https://n.news.naver.com/article/newspaper/015/0005200164?date=20251022
한국경제,'족벌경영·셀프채용' 웅지학원 무더기 징계,https://n.news.naver.com/article/newspaper/015/0005200096?date=20251022
한국경제,"'대법관 증원' 與사법개혁안에…조희대 ""의견 충분히 내겠다""",https://n.news.naver.com/article/newspaper/015/0005200098?date=20251022
한국경제,11월13일 수능일 출근시간 10시 이후로 조정,https://n.news.naver.com/article/newspaper/015/0005200095?date=20251022
한국경제,"""의대 가려면 삼수라도 해야죠""…대치동은 벌써 '겨울 전쟁'",https://n.news.naver.com/article/newspaper/015/0005200099?date=20251022
한국경제,두 번의 도전 끝에…쇼팽의 영혼이 응답했다,https://n.news.naver.com/article/newspaper/015/0005200103?date=20251022
한국경제,추정가 1000만달러…최고가 넘보는 김환기,https://n.news.naver.com/article/newspaper/015/0005200102?date=20251022
한국경제,"""손수건 들고 오세요""…눈물샘 자극하는 소리꾼 부녀",https://n.news.naver.com/article/newspaper/015/0005200101?date=20251022
한국경제,서울대 AMP 창립 50주년 기념 음악회,https://n.news.naver.com/article/newspaper/015/0005200111?date=20251022
한국경제,두산연강예술상에 전서아·박정우,https://n.news.naver.com/article/newspaper/015/0005200106?date=20251022
한국경제,"""노들섬은 서울에 내린 축복…희망의 안식처 돼야""",https://n.news.naver.com/article/newspaper/015/0005200117?date=20251022
한국경제,서울투자진흥재단 이사장에 이지형,https://n.news.naver.com/article/newspaper/015/0005200107?date=20251022
한국경제,"교보생명, 자원순환 프로젝트 참여",https://n.news.naver.com/article/newspaper/015/0005200109?date=20251022
한국경제,"""호기심 가득한 질문…美 명문대가 원하는 공부법이죠""",https://n.news.naver.com/article/newspaper/015/0005200116?date=20251022
한국경제,"CJ올리브네트웍스 ""톱5 AX 기업 도약""",https://n.news.naver.com/article/newspaper/015/0005199709?date=20251022
한국경제,제1회 향설의학상에 김상정 서울대 교수,https://n.news.naver.com/article/newspaper/015/0005200108?date=20251022
한국경제,"조주완 LG전자 사장, 금탑산업훈장 수훈",https://n.news.naver.com/article/newspaper/015/0005200113?date=20251022
한국경제,[한경에세이] 청년들의 '쉼'과 '뜀' 사이,https://n.news.naver.com/article/newspaper/015/0005200170?date=20251022
한국경제,첫서리 내릴 무렵엔 따뜻한 복국을 [장석주의 영감과 섬광],https://n.news.naver.com/article/newspaper/015/0005200172?date=20251022
한국경제,[김재후의 재계인사이드] 증시 급등을 바라보는 시선,https://n.news.naver.com/article/newspaper/015/0005200181?date=20251022
한국경제,[정종태 칼럼] 돈 푸는 마지막 정부,https://n.news.naver.com/article/newspaper/015/0005200182?date=20251022
한국경제,[취재수첩] 씁쓸한 '미용 의료기기' 열풍,https://n.news.naver.com/article/newspaper/015/0005200177?date=20251022
한국경제,[데스크 칼럼] 헌트 형제와 비트코인,https://n.news.naver.com/article/newspaper/015/0005200178?date=20251022
한국경제,[사설] 기술 스타트업이라도 주 52시간제 풀어야,https://n.news.naver.com/article/newspaper/015/0005200174?date=20251022
한국경제,[사설] 송전망 해결 없인 원전뿐 아니라 태양광·풍력 확대도 허사,https://n.news.naver.com/article/newspaper/015/0005200175?date=20251022
한국경제,[시론] 휴머노이드 시대가 온다,https://n.news.naver.com/article/newspaper/015/0005200176?date=20251022
한국경제,"[사설] 日 새 정부 출범, 美 관세 협상 박차…한·미·일 협력 재정립할 때",https://n.news.naver.com/article/newspaper/015/0005200179?date=20251022
한국경제,[천자칼럼] 대두(大豆) 대란,https://n.news.naver.com/article/newspaper/015/0005200180?date=20251022
한국경제,끊임없는 R&D의 결실…누구나 탐내는 제품을 빚었다,https://n.news.naver.com/article/newspaper/015/0005199932?date=20251022
한국경제,콤팩트한 사이즈에 듀얼 마사지와 근저항 운동효과까지…헬스케어로봇 '팔콘N',https://n.news.naver.com/article/newspaper/015/0005199933?date=20251022
한국경제,"바디프랜드, AI 기술 탑재한 '헬스케어로봇'…지능형 마사지 체어로 진화",https://n.news.naver.com/article/newspaper/015/0005199934?date=20251022
한국경제,"한솔아이원스, 반도체 초정밀 부품 '원스톱 솔루션' 제공…삼성·SK·어플라이드 머티어리얼즈가 고객",https://n.news.naver.com/article/newspaper/015/0005199924?date=20251022
한국경제,"웅진씽크빅, AI 학습 플랫폼 '웅진스마트올' 새단장…맞춤형 UI·UX 재설계, 보상체계 확대",https://n.news.naver.com/article/newspaper/015/0005199925?date=20251022
한국경제,"신일전자, 가을 캠핑 필수 제품…따뜻한 공기 순환, 전력 소비량은 기존 제품보다 30% 줄여",https://n.news.naver.com/article/newspaper/015/0005199926?date=20251022
한국경제,"교원 웰스, 한 뼘 크기에 3중 미네랄 필터 탑재…1~2인 가구도 편하게 냉·온수 즐겨",https://n.news.naver.com/article/newspaper/015/0005199927?date=20251022
한국경제,"이브자리, 내년 창립 50주년…맞춤형 침구 '슬립앤슬립'으로 수면 컨설팅",https://n.news.naver.com/article/newspaper/015/0005199915?date=20251022
한국경제,목·허리 통증 없는 '나만의 베개'…누구나 푹 잘 수 있는 기능성 제품·솔루션 제공,https://n.news.naver.com/article/newspaper/015/0005199916?date=20251022
한국경제,불황일수록 신뢰와 감성 충족으로 승부하라,https://n.news.naver.com/article/newspaper/015/0005200236?date=20251022
한국경제,국내 산업의 대표적 고객만족도 조사,https://n.news.naver.com/article/newspaper/015/0005200237?date=20251022
한국경제,꾸준한 혁신과 안정성…고객 마음 얻는 기업이 시장을 이끈다,https://n.news.naver.com/article/newspaper/015/0005200249?date=20251022
한국경제,"현대자동차, 승용·RV·경형·전기차·프리미엄 모든 차량부문 석권…전기차 10년 동안 '안심 점검'",https://n.news.naver.com/article/newspaper/015/0005200238?date=20251022
한국경제,"코웨이, 정수기 1500만대 판매…'구독경제'의 원조",https://n.news.naver.com/article/newspaper/015/0005200239?date=20251022
한국경제,"신한은행, 보이스피싱 촘촘하게 예방…시니어 교육도",https://n.news.naver.com/article/newspaper/015/0005200240?date=20251022
한국경제,"삼성서울병원, 암치료 글로벌 최고…호흡기 분야 국내 1위",https://n.news.naver.com/article/newspaper/015/0005200343?date=20251022
한국경제,"삼성생명, 고객 권위보호위 운영…업계 첫 수어 영상상담",https://n.news.naver.com/article/newspaper/015/0005200344?date=20251022
한국경제,"삼성증권, 고객맞춤형 자산관리 컨설팅으로 KCSI 1위 차지",https://n.news.naver.com/article/newspaper/015/0005200345?date=20251022
한국경제,"우체국소포, 받을 물품 사진 미리 확인…전 지역 요금 동일",https://n.news.naver.com/article/newspaper/015/0005200241?date=20251022
한국경제,"경동나비엔, 난방·온수와 AI 만나…가스비·사용량 절감",https://n.news.naver.com/article/newspaper/015/0005200242?date=20251022
한국경제,"도미노피자, 고급 토핑·고단백으로 프리미엄 트렌드 선도",https://n.news.naver.com/article/newspaper/015/0005200243?date=20251022
한국경제,"우정사업본부, 폐의약품·커피캡슐 회수 '에코 우체통' 설치",https://n.news.naver.com/article/newspaper/015/0005200244?date=20251022
한국경제,"삼성화재, AI 의료보험 심사 '장기U' 도입…병원 동행·보험료 환급 상품도 출시",https://n.news.naver.com/article/newspaper/015/0005200245?date=20251022
매일경제,[단독] 10·15 대책前 서울 장기보유 역대급 매도,https://n.news.naver.com/article/newspaper/009/0005576654?date=20251022
매일경제,서울 도심 한복판에 '빛의 랜드마크',https://n.news.naver.com/article/newspaper/009/0005576652?date=20251022
매일경제,"[단독] 현대차 ""이제 자동차는 SW"" … 카카오 출신 임원 전격영입",https://n.news.naver.com/article/newspaper/009/0005576651?date=20251022
매일경제,日 사상 첫 여성 총리 … 아베노믹스 2탄 온다,https://n.news.naver.com/article/newspaper/009/0005576656?date=20251022
매일경제,김범수 1심 무죄,https://n.news.naver.com/article/newspaper/009/0005576653?date=20251022
매일경제,김용범·김정관 22일 다시 방미 … 관세 쟁점 협의,https://n.news.naver.com/article/newspaper/009/0005576744?date=20251022
매일경제,"다카이치 ""강한 일본경제 만들어 국익 지켜낼 것""",https://n.news.naver.com/article/newspaper/009/0005576745?date=20251022
매일경제,"""한일관계 중요성 커져 … 李대통령과 회담 희망""",https://n.news.naver.com/article/newspaper/009/0005576697?date=20251022
매일경제,[알립니다] 내달 11일 메세나대회,https://n.news.naver.com/article/newspaper/009/0005576571?date=20251022
매일경제,"[단독] 현대차, 기술 넘어 사업화 전력질주  … '달리는 컴퓨터' SDV시장 선점 선언",https://n.news.naver.com/article/newspaper/009/0005576604?date=20251022
매일경제,외국인·개발자 출신 파격 영입 … 순혈주의 깬 '정의선 인사혁신',https://n.news.naver.com/article/newspaper/009/0005576603?date=20251022
매일경제,'亞 1위' 현대차 … 이달 주가 상승률 도요타 3배,https://n.news.naver.com/article/newspaper/009/0005576602?date=20251022
매일경제,"""稅부담 늘기 전 물려주자"" … 강남 부모들 아파트 증여 러시",https://n.news.naver.com/article/newspaper/009/0005576569?date=20251022
매일경제,"강남 2주택 이찬진 ""자녀에 매각할것""",https://n.news.naver.com/article/newspaper/009/0005576694?date=20251022
매일경제,심상찮은 여론에 … '서울 반값아파트' 꺼낸 與,https://n.news.naver.com/article/newspaper/009/0005576567?date=20251022
매일경제,"강남 2주택 이찬진 ""집 팔겠다""",https://n.news.naver.com/article/newspaper/009/0005576568?date=20251022
매일경제,'사법 리스크' 벗은 카카오 … AI·스테이블코인 신사업 가속도,https://n.news.naver.com/article/newspaper/009/0005576640?date=20251022
매일경제,한숨 돌린 카카오 … 그룹株 일제히 '활짝',https://n.news.naver.com/article/newspaper/009/0005576639?date=20251022
매일경제,"법원도 지적한 '검찰 과잉 대응'… 카카오, 남은 소송은",https://n.news.naver.com/article/newspaper/009/0005576692?date=20251022
매일경제,"美, 中에 맞서 호주와 '희토류 동맹'… 트럼프 ""1년 후면 넘쳐날 것""",https://n.news.naver.com/article/newspaper/009/0005576618?date=20251022
매일경제,[단독] 韓핵심광물 비축 '구멍' … 올해도 목표치 못 채워,https://n.news.naver.com/article/newspaper/009/0005576617?date=20251022
매일경제,"[단독] 호주 광산기업, 韓에 500억원대 투자…모터용 '희토류 합금' 생산 2배로",https://n.news.naver.com/article/newspaper/009/0005576616?date=20251022
매일경제,"韓美日中 정상, 경주서 릴레이회담 … 세계 통상질서 '새판' 짠다",https://n.news.naver.com/article/newspaper/009/0005576628?date=20251022
매일경제,"'방산특사' 강훈식, 폴란드 국방장관과 협력 논의",https://n.news.naver.com/article/newspaper/009/0005576630?date=20251022
매일경제,"與 ""사법개혁 내달 끝낼 것"" … 野 ""민주당, 졸속처리 말라""",https://n.news.naver.com/article/newspaper/009/0005576629?date=20251022
매일경제,"李 ""경찰, 권한 늘어날수록 수사 공정성 높여야""",https://n.news.naver.com/article/newspaper/009/0005576633?date=20251022
매일경제,"[포토] 장동혁 대표 이번엔 합장…""오해 푸세요""",https://n.news.naver.com/article/newspaper/009/0005576631?date=20251022
매일경제,미중 입항료 전쟁에…전세계 해운 운임 들썩,https://n.news.naver.com/article/newspaper/009/0005576655?date=20251022
매일경제,"中, 경기 살리기 총력전 … 연말까지 100조원 푼다",https://n.news.naver.com/article/newspaper/009/0005576650?date=20251022
매일경제,美와 28조원 스왑 공식화에도 아르헨 페소화 또 사상 최저,https://n.news.naver.com/article/newspaper/009/0005576657?date=20251022
매일경제,'전기 폭식' 데이터센터에 … 멕시코 병원 진료 차질,https://n.news.naver.com/article/newspaper/009/0005576658?date=20251022
매일경제,美 H-1B 수수료 10만弗 … 해외 신규 신청자만 적용,https://n.news.naver.com/article/newspaper/009/0005576659?date=20251022
매일경제,전화구독문의02-2000-2000,tel:02-2000-2000
매일경제,우회수출에 관세 부과…중국산 택갈이 차단,https://n.news.naver.com/article/newspaper/009/0005576556?date=20251022
매일경제,"인천에 모인 APEC 장관 … 구윤철 ""AI전환에 재정 투입""",https://n.news.naver.com/article/newspaper/009/0005576557?date=20251022
매일경제,관세·추석 겹쳐…10월 대미수출 25% 뚝,https://n.news.naver.com/article/newspaper/009/0005576558?date=20251022
매일경제,[단독] '택배 과대포장 규제' 풀리나 … 내년 단속 앞두고 완화 추진,https://n.news.naver.com/article/newspaper/009/0005576615?date=20251022
매일경제,퇴직연금 이동장벽 허물자 … 5대은행서 1.5조 썰물,https://n.news.naver.com/article/newspaper/009/0005576641?date=20251022
매일경제,'안전성 의문' 치료법에 보험금 年2500억 샜다,https://n.news.naver.com/article/newspaper/009/0005576643?date=20251022
매일경제,"""같은 농협銀서도 차이크네"" … 지역따라 갈리는 금고 금리",https://n.news.naver.com/article/newspaper/009/0005576642?date=20251022
매일경제,[표] 당좌거래정지,https://n.news.naver.com/article/newspaper/009/0005576647?date=20251022
매일경제,캄보디아 달려간 KB국민은행장,https://n.news.naver.com/article/newspaper/009/0005576644?date=20251022
매일경제,"우리금융 ""ESG 경영으로 작년 5조 경제가치 창출""",https://n.news.naver.com/article/newspaper/009/0005576638?date=20251022
매일경제,[표] 외국환율고시표,https://n.news.naver.com/article/newspaper/009/0005576646?date=20251022
매일경제,"""회장이 이사회에 자기사람 심어"" … 금융지주 지배구조 경고한 금감원",https://n.news.naver.com/article/newspaper/009/0005576690?date=20251022
매일경제,"""1650도 견딘다"" 제트엔진용 특수강 국산화",https://n.news.naver.com/article/newspaper/009/0005576595?date=20251022
매일경제,"""안전한 ESS 생태계 구축하자""",https://n.news.naver.com/article/newspaper/009/0005576599?date=20251022
매일경제,"기아, 카자흐스탄 공장 준공 … 쏘렌토등 年생산능력 7만대",https://n.news.naver.com/article/newspaper/009/0005576598?date=20251022
매일경제,"CJ올리브네트웍스 ""국내 톱5 AX 기업 도약""",https://n.news.naver.com/article/newspaper/009/0005576597?date=20251022
매일경제,"""K방산 자존심 걸린 미래 KF-21 전투기수출 합심""",https://n.news.naver.com/article/newspaper/009/0005576596?date=20251022
매일경제,[스마트산업강국 함께하는 제조혁신2.0] 中企 3450곳과 10년의 동행…매출·고용 늘려 현장혁신 일궜다,https://n.news.naver.com/article/newspaper/009/0005576583?date=20251022
매일경제,"""삼성이 알려준 아이디어로 제품 효율 확 올렸죠""",https://n.news.naver.com/article/newspaper/009/0005576584?date=20251022
매일경제,"""낡은 공장만 고쳐준 게 아냐 판로까지 열어 상생 새 모델""",https://n.news.naver.com/article/newspaper/009/0005576585?date=20251022
매일경제,"""위성 나르는 우주마을버스 2027년 띄울것""",https://n.news.naver.com/article/newspaper/009/0005576691?date=20251022
매일경제,골드만삭스 그만두고 창업 … 인테리어 시장 확 바꿀래요,https://n.news.naver.com/article/newspaper/009/0005576528?date=20251022
매일경제,"코스맥스, 곱슬머리용 상품 17조 시장 공략",https://n.news.naver.com/article/newspaper/009/0005576527?date=20251022
매일경제,"알리 손잡은 G마켓, 연 7천억 투자 '승부수'",https://n.news.naver.com/article/newspaper/009/0005576588?date=20251022
매일경제,"SPA '탑텐', 대형할인에 사흘 매출 280억",https://n.news.naver.com/article/newspaper/009/0005576590?date=20251022
매일경제,결혼 늘자 백화점 '예물' 날개 … 명품 시계·주얼리 등 급성장,https://n.news.naver.com/article/newspaper/009/0005576594?date=20251022
매일경제,롯데호텔 멤버십 300만명 돌파,https://n.news.naver.com/article/newspaper/009/0005576589?date=20251022
매일경제,'우지 파동'에 사라졌던 삼양라면 돌아온다,https://n.news.naver.com/article/newspaper/009/0005576591?date=20251022
매일경제,"쿠팡, APEC 회의 공식 후원",https://n.news.naver.com/article/newspaper/009/0005576592?date=20251022
매일경제,"[포토] ""BBQ 치킨 맛보세요""",https://n.news.naver.com/article/newspaper/009/0005576593?date=20251022
매일경제,"""인기는 잠시""… 몰빵ETF 우울한 수익률",https://n.news.naver.com/article/newspaper/009/0005576574?date=20251022
매일경제,집중 vs 분산 … 운용사 AI·전력ETF 진검승부,https://n.news.naver.com/article/newspaper/009/0005576575?date=20251022
매일경제,4천피 고지 눈앞에서 공매도 대기자금 '쑥',https://n.news.naver.com/article/newspaper/009/0005576576?date=20251022
매일경제,'대어' LS에식스 상장에 쏠린 눈,https://n.news.naver.com/article/newspaper/009/0005576577?date=20251022
매일경제,"""AI·에너지전환서 100조弗 시장 열린다""",https://n.news.naver.com/article/newspaper/009/0005576621?date=20251022
매일경제,"BDA, 한류기업 투자 콘퍼런스",https://n.news.naver.com/article/newspaper/009/0005576623?date=20251022
매일경제,"원화값 급락·공급과잉 영향 … 대한항공, 3분기 영업익 급감",https://n.news.naver.com/article/newspaper/009/0005576625?date=20251022
매일경제,반도체 업황개선 수혜 … 두산 이달 38% '껑충',https://n.news.naver.com/article/newspaper/009/0005576622?date=20251022
매일경제,"""아이폰17이 효자""… 애플 시총 2위 탈환",https://n.news.naver.com/article/newspaper/009/0005576624?date=20251022
매일경제,간만에 달린 '에코프로 3형제' 두자릿수 급등,https://n.news.naver.com/article/newspaper/009/0005576581?date=20251022
매일경제,[MK 시그널] 합성고무 호조 덕에 주가 오른 금호석화,https://n.news.naver.com/article/newspaper/009/0005576580?date=20251022
매일경제,전세금 반환대출도 반토막? '10·15 대책'에 집주인 대혼란,https://n.news.naver.com/article/newspaper/009/0005576563?date=20251022
매일경제,도심 7천가구 추가 공급 … 가로주택 규제도 완화,https://n.news.naver.com/article/newspaper/009/0005576564?date=20251022
매일경제,"""글로벌 예술섬으로"" 한강 노들섬 착공식",https://n.news.naver.com/article/newspaper/009/0005576565?date=20251022
매일경제,"현대건설, 사우디기업과 맞손 … 글로벌 플랜트 공략 나선다",https://n.news.naver.com/article/newspaper/009/0005576566?date=20251022
매일경제,자살률 1위 오명에도 … 실태조사마저 '캄캄',https://n.news.naver.com/article/newspaper/009/0005576635?date=20251022
매일경제,[표] 오늘의 날씨,https://n.news.naver.com/article/newspaper/009/0005576627?date=20251022
매일경제,아이디,https://n.news.naver.com/article/newspaper/009/0005576634?date=20251022
매일경제,자살 통계 늦고 부실 … '골든타임' 놓쳐 대책은 뒷북,https://n.news.naver.com/article/newspaper/009/0005576636?date=20251022
매일경제,'AI드론 순찰차'로 지상·공중 범죄 막는다,https://n.news.naver.com/article/newspaper/009/0005576686?date=20251022
매일경제,"가을실종 부른 추위, 23일 누그러져",https://n.news.naver.com/article/newspaper/009/0005576607?date=20251022
매일경제,국정자원 화재로 '연명치료 포기각서' 소실,https://n.news.naver.com/article/newspaper/009/0005576609?date=20251022
매일경제,"캄보디아 대학생 유해, 74일만에 유족 품으로",https://n.news.naver.com/article/newspaper/009/0005576606?date=20251022
매일경제,민생 소비쿠폰 효과… '2주 반짝' 그쳤다,https://n.news.naver.com/article/newspaper/009/0005576610?date=20251022
매일경제,"""초국경 범죄 대응 강화"" 9개국 수사협의체 출범",https://n.news.naver.com/article/newspaper/009/0005576608?date=20251022
매일경제,"한국 출판계, 다시 1990년대를 펼치다",https://n.news.naver.com/article/newspaper/009/0005576529?date=20251022
매일경제,백남준서 수묵화까지…전통과 현대 아우른 전시,https://n.news.naver.com/article/newspaper/009/0005576530?date=20251022
매일경제,"'국보' 여수 진남관, 원래 모습 되찾아",https://n.news.naver.com/article/newspaper/009/0005576531?date=20251022
매일경제,그리스 신화를 통해 비춘 현대 도시의 폭력과 탐욕,https://n.news.naver.com/article/newspaper/009/0005576532?date=20251022
매일경제,"[MBN] 특별법 통과 후, 벼랑 끝에 선 수연",https://n.news.naver.com/article/newspaper/009/0005576533?date=20251022
매일경제,[매일경제TV] '주거모델'로 시니어 타운 지은 기업,https://n.news.naver.com/article/newspaper/009/0005576534?date=20251022
매일경제,"류현진 무너졌지만 '대전왕자' 역투 … 한화, KS까지 1승",https://n.news.naver.com/article/newspaper/009/0005576736?date=20251022
매일경제,새벽 잠못드는 고객에 할인 쿠폰 … 이케아 매트리스 매출 36% 늘어,https://n.news.naver.com/article/newspaper/009/0005576537?date=20251022
매일경제,[부음] 김용원씨 별세,https://n.news.naver.com/article/newspaper/009/0005576545?date=20251022
매일경제,[인사] 행정안전부 / 마이데일리,https://n.news.naver.com/article/newspaper/009/0005576544?date=20251022
매일경제,[매경춘추] 간디의 교훈,https://n.news.naver.com/article/newspaper/009/0005576538?date=20251022
매일경제,"""세계무역기구 기능 복원 TF 출범해야""",https://n.news.naver.com/article/newspaper/009/0005576542?date=20251022
매일경제,"LG전자 조주완, 전자·IT의 날 금탑산업훈장",https://n.news.naver.com/article/newspaper/009/0005576539?date=20251022
매일경제,'두산연강예술상'에 전서아·박정우씨,https://n.news.naver.com/article/newspaper/009/0005576540?date=20251022
매일경제,"라종억 통일문화연구원 이사장, 우즈베크 대학서 철학명예박사",https://n.news.naver.com/article/newspaper/009/0005576541?date=20251022
매일경제,서울대 최고경영자과정 50주년 기념 음악회 열어,https://n.news.naver.com/article/newspaper/009/0005576543?date=20251022
매일경제,[GS칼텍스배 프로기전] 패자조 끝판왕,https://n.news.naver.com/article/newspaper/009/0005576546?date=20251022
매일경제,오늘의 운세 2025년 10월 22일 水(음력 9월 2일),https://n.news.naver.com/article/newspaper/009/0005576547?date=20251022
매일경제,[김선걸칼럼] 기업이라는 비대칭 전력(戰力),https://n.news.naver.com/article/newspaper/009/0005576560?date=20251022
매일경제,[기자24시] 울산HD 분열이 남긴 과제,https://n.news.naver.com/article/newspaper/009/0005576559?date=20251022
매일경제,[기고] 스마트폰 터치로 보험금 받는 시대,https://n.news.naver.com/article/newspaper/009/0005576561?date=20251022
매일경제,카툰포커스,https://n.news.naver.com/article/newspaper/009/0005576562?date=20251022
매일경제,[글로벌포커스] 중국에 세계 패권 야심 있을까,https://n.news.naver.com/article/newspaper/009/0005576549?date=20251022
매일경제,[필동정담] 루브르의 굴욕,https://n.news.naver.com/article/newspaper/009/0005576550?date=20251022
매일경제,10·15 대책에 재건축 차질 … 주택공급 어떻게 늘리나 [사설],https://n.news.naver.com/article/newspaper/009/0005576552?date=20251022
매일경제,젤렌스키에 지도 던진 트럼프…나라가 힘 없으면 [사설],https://n.news.naver.com/article/newspaper/009/0005576553?date=20251022
매일경제,"""언론·유튜브에 징벌 배상"" 與, 자신들부터 가짜뉴스 삼가야 [사설]",https://n.news.naver.com/article/newspaper/009/0005576551?date=20251022
매일경제,베드타운서 미래 도시로…남양주 '교통·문화·청년 혁신' 날개,https://n.news.naver.com/article/newspaper/009/0005576459?date=20251022
매일경제,"""AI·청년·기업이 함께 뛰는 도시로""",https://n.news.naver.com/article/newspaper/009/0005576460?date=20251022
매일경제,국가 미래 위한 경쟁력 설계에 집중해야,https://n.news.naver.com/article/newspaper/009/0005576461?date=20251022
매일경제,교육이 머무는 도시 포천,https://n.news.naver.com/article/newspaper/009/0005576462?date=20251022
매일경제,접경지역 지정은 지역발전 신호탄,https://n.news.naver.com/article/newspaper/009/0005576463?date=20251022
매일경제,이동권의 시작 '어르신 무상 택시',https://n.news.naver.com/article/newspaper/009/0005576464?date=20251022
매일경제,'안산선 지하화' 선도사업 선정… 수도권 철도 공간 재편 본격화,https://n.news.naver.com/article/newspaper/009/0005576467?date=20251022
매일경제,인구 감소 4개 지자체 '생활인구 확대' 안간힘,https://n.news.naver.com/article/newspaper/009/0005576468?date=20251022
매일경제,"수원 영화 문화관광지구, 20년 표류 끝에 본격 시동",https://n.news.naver.com/article/newspaper/009/0005576469?date=20251022
매일경제,의정부 '첨단방산' 민간 협력 네트워크 넓힌다,https://n.news.naver.com/article/newspaper/009/0005576470?date=20251022
매일경제,동두천 '체류형 관광도시'선언,https://n.news.naver.com/article/newspaper/009/0005576471?date=20251022
매일경제,테슬라 질주 전체 3위 올라…아우디 '신차 공세',https://n.news.naver.com/article/newspaper/009/0005576474?date=20251022
매일경제,"현대차 디자인 헤리티지 복원, 미래 모빌리티로 잇는다",https://n.news.naver.com/article/newspaper/009/0005576475?date=20251022
매일경제,'전기차 시대 마지막 낭만' 럭셔리 스포츠카,https://n.news.naver.com/article/newspaper/009/0005576476?date=20251022
매일경제,무게는 줄고 더 튼튼해졌다,https://n.news.naver.com/article/newspaper/009/0005576477?date=20251022
매일경제,엑셀 밟는 순간 폭풍 질주본능…전기차 맞아?,https://n.news.naver.com/article/newspaper/009/0005576478?date=20251022
매일경제,루프글라스 뒷좌석까지 일체형 …마음이 탁 열렸다,https://n.news.naver.com/article/newspaper/009/0005576479?date=20251022
매일경제,34분 만에  80%까지 충전…배터리 10년까지 보증,https://n.news.naver.com/article/newspaper/009/0005576480?date=20251022
동아일보,‘강한 일본’ 내건 다카이치… 핵추진잠수함 도입 길 열어,https://n.news.naver.com/article/newspaper/020/0003668890?date=20251022
동아일보,[단독]국립대병원 교수 채용 절반 미달인데 올 217명 사직,https://n.news.naver.com/article/newspaper/020/0003668844?date=20251022
동아일보,"김용범-김정관, 오늘 관세 협상 위해 긴급 방미",https://n.news.naver.com/article/newspaper/020/0003668891?date=20251022
동아일보,"李 “투기수요 철저히 억제, 가용 수단 집중 투입”",https://n.news.naver.com/article/newspaper/020/0003668892?date=20251022
동아일보,“中 희토류 제한땐 한국도 피해… 美-호주와 공급망 협력해야”,https://n.news.naver.com/article/newspaper/020/0003668895?date=20251022
동아일보,“中보다 기술 앞선다” 답한 韓기업 10곳 중 3곳뿐,https://n.news.naver.com/article/newspaper/020/0003668896?date=20251022
동아일보,관세 여파에 이달 對美 수출 25% 급감,https://n.news.naver.com/article/newspaper/020/0003668897?date=20251022
동아일보,"“美 분할 투자 동의, 현금 비율은 이견… 양국 정상 결정 남은 상황”",https://n.news.naver.com/article/newspaper/020/0003668900?date=20251022
동아일보,"美中, APEC 방한일정 발표 미루며 서로 눈치",https://n.news.naver.com/article/newspaper/020/0003668899?date=20251022
동아일보,트럼프 “韓서 시진핑과 공정협정 기대” 호주-日과 ‘희토류 동맹’… 中 압박 강화,https://n.news.naver.com/article/newspaper/020/0003668901?date=20251022
동아일보,"다카이치, ‘핵잠으로 中견제’ 구상… 美도 “호주에 기술 이전” 中 압박",https://n.news.naver.com/article/newspaper/020/0003668902?date=20251022
동아일보,관방 기하라-외상 모테기-방위상 고이즈미… 이시바 정권보다 ‘우클릭’한 첫 내각 인선,https://n.news.naver.com/article/newspaper/020/0003668903?date=20251022
동아일보,與 덮친 보유세 포비아… “잘못 건드리면 수도권 민심 큰 영향”,https://n.news.naver.com/article/newspaper/020/0003668893?date=20251022
동아일보,"‘돈모아 집사라’던 국토차관 부부, 33억 집 갭투자",https://n.news.naver.com/article/newspaper/020/0003668894?date=20251022
동아일보,"李 “경찰, 권한 늘면 국민 삶 나아질지 답해야… 수사 신뢰 중요”",https://n.news.naver.com/article/newspaper/020/0003668845?date=20251022
동아일보,법원장들 “재판소원제 도입 반대”… 與 “입법권 말하면 정치하는 것”,https://n.news.naver.com/article/newspaper/020/0003668846?date=20251022
동아일보,최민희 “MBC 보도 잘못” 국감서 본부장 퇴장시켜,https://n.news.naver.com/article/newspaper/020/0003668847?date=20251022
동아일보,“빈집 1유로에 팝니다” 청년 떠나던 伊시골 반전… 관광객도 10배로,https://n.news.naver.com/article/newspaper/020/0003668906?date=20251022
동아일보,佛-크로아티아로 퍼진 ‘1유로 주택’… 日선 빈집 무료 제공도,https://n.news.naver.com/article/newspaper/020/0003668905?date=20251022
동아일보,“SK쉴더스 해킹에 SKT-KB금융 자료까지 포함”,https://n.news.naver.com/article/newspaper/020/0003668859?date=20251022
동아일보,국감 나온 KT 대표 “소액결제 피해고객 위약금 면제”,https://n.news.naver.com/article/newspaper/020/0003668858?date=20251022
동아일보,"법원 “檢, 별건수사로 압박해 진실왜곡”… 김범수 1심 무죄선고",https://n.news.naver.com/article/newspaper/020/0003668856?date=20251022
동아일보,민중기 주식논란에… 이찬진 금감원장 “공소시효 완료” vs 국민의힘 “피해 50억 넘으면 15년”,https://n.news.naver.com/article/newspaper/020/0003668852?date=20251022
동아일보,2년전 경복궁 경회루 찾은 김건희-이배용,https://n.news.naver.com/article/newspaper/020/0003668853?date=20251022
동아일보,"이종호 “특검, 재산형성 털겠다 협박” 특검 “대응할 가치 없어”",https://n.news.naver.com/article/newspaper/020/0003668854?date=20251022
동아일보,"[단독]‘자금세탁 美제재’ 캄보디아 후이원그룹, 한국서 코인 송금… 환전소 운영하기도",https://n.news.naver.com/article/newspaper/020/0003668855?date=20251022
동아일보,"‘고문 사망’ 대학생 유해, 74일만에 가족 품으로",https://n.news.naver.com/article/newspaper/020/0003668857?date=20251022
동아일보,살빼려 마약류 식욕억제제 年2억정 처방,https://n.news.naver.com/article/newspaper/020/0003668848?date=20251022
동아일보,[단독]탄소배출권 유상할당 확대땐 발전5社 비용 2.7조 늘어,https://n.news.naver.com/article/newspaper/020/0003668849?date=20251022
동아일보,등교하는 학생들 앞에서 금주-금연 캠페인,https://n.news.naver.com/article/newspaper/020/0003668850?date=20251022
동아일보,11월 13일 수능일 출근시간 오전10시로 늦춰,https://n.news.naver.com/article/newspaper/020/0003668851?date=20251022
동아일보,‘국가 AI컴퓨팅 센터’ 전남 해남 유력,https://n.news.naver.com/article/newspaper/020/0003668898?date=20251022
동아일보,"부산, 국제수로기구 인프라센터 유치",https://n.news.naver.com/article/newspaper/020/0003668838?date=20251022
동아일보,"인천공항 자기부상열차, 관광체험열차로 새출발",https://n.news.naver.com/article/newspaper/020/0003668818?date=20251022
동아일보,시민이 가꾼 금호강 K-가든서 ‘녹색 힐링’,https://n.news.naver.com/article/newspaper/020/0003668820?date=20251022
동아일보,2억 원 깎아줘도 안팔리는 제주 아파트,https://n.news.naver.com/article/newspaper/020/0003668834?date=20251022
동아일보,공원-잔디밭… 서울은 야외독서 삼매경,https://n.news.naver.com/article/newspaper/020/0003668879?date=20251022
동아일보,원주에 국내서 가장 긴 ‘도시숲’ 탄생,https://n.news.naver.com/article/newspaper/020/0003668884?date=20251022
동아일보,"인천, 옹진 앞바다에 1GW 풍력단지 지정 신청",https://n.news.naver.com/article/newspaper/020/0003668814?date=20251022
동아일보,검단신도시 광역급행버스 증차… 서울 출퇴근 빨라진다,https://n.news.naver.com/article/newspaper/020/0003668815?date=20251022
동아일보,빨강-파랑-노랑 섞으면 무슨 색 될까,https://n.news.naver.com/article/newspaper/020/0003668816?date=20251022
동아일보,[인천판/게시판]인천 外,https://n.news.naver.com/article/newspaper/020/0003668817?date=20251022
동아일보,“사회적 약자 목소리 잘 듣는 경찰 되자”,https://n.news.naver.com/article/newspaper/020/0003668819?date=20251022
동아일보,청도군 홍보대사에 ‘청학동 훈장’ 부녀 위촉,https://n.news.naver.com/article/newspaper/020/0003668821?date=20251022
동아일보,"수성구, 공식 캐릭터 앞세워 ‘SNS 대상’ 최우수상",https://n.news.naver.com/article/newspaper/020/0003668822?date=20251022
동아일보,제일 따뜻한 신발로 주세요,https://n.news.naver.com/article/newspaper/020/0003668823?date=20251022
동아일보,영화로 물드는 광양… 12개국 81편 상영,https://n.news.naver.com/article/newspaper/020/0003668835?date=20251022
동아일보,“광주는 AI 생태계-컴퓨팅 자원 준비된 도시”,https://n.news.naver.com/article/newspaper/020/0003668836?date=20251022
동아일보,[호남판/게시판]광주,https://n.news.naver.com/article/newspaper/020/0003668837?date=20251022
동아일보,울산 입화산에 그물 모험 놀이시설 생겼다,https://n.news.naver.com/article/newspaper/020/0003668839?date=20251022
동아일보,‘동대구∼창원 고속철’ 구축 10만 서명운동,https://n.news.naver.com/article/newspaper/020/0003668840?date=20251022
동아일보,“아파트 관리비 비교해보고 절감 대책 마련하세요”,https://n.news.naver.com/article/newspaper/020/0003668841?date=20251022
동아일보,[경남판/게시판]울산 外,https://n.news.naver.com/article/newspaper/020/0003668842?date=20251022
동아일보,"“동작구 출산율 2년 새 19위서 8위로, 재개발 속도… 낡은 도시 이미지 탈피”",https://n.news.naver.com/article/newspaper/020/0003668880?date=20251022
동아일보,서울 ‘신생아 울음소리’ 늘릴 전략 찾는다,https://n.news.naver.com/article/newspaper/020/0003668881?date=20251022
동아일보,동탄중앙도서관 내달 3일 개관,https://n.news.naver.com/article/newspaper/020/0003668882?date=20251022
동아일보,간송의 안목이 탄생시킨 ‘보화각 컬렉션’ 40점 전시,https://n.news.naver.com/article/newspaper/020/0003668883?date=20251022
동아일보,대전 ‘5인 5색’ 젊은 작가展,https://n.news.naver.com/article/newspaper/020/0003668885?date=20251022
동아일보,"글로벌 대표 뷰티기업, 청주서 모인다",https://n.news.naver.com/article/newspaper/020/0003668886?date=20251022
동아일보,[중부판/게시판]대전 外,https://n.news.naver.com/article/newspaper/020/0003668887?date=20251022
동아일보,과학기술과 예술의 융합… ‘아티언스 대전’ 24일 개막,https://n.news.naver.com/article/newspaper/020/0003668888?date=20251022
동아일보,"한글 조형미 살린 ‘가로쓰기 서예’ 송하진 작가, 세종서 특별전",https://n.news.naver.com/article/newspaper/020/0003668889?date=20251022
동아일보,트럼프의 ‘남미 트럼프’ 구하기… 통화스와프 이어 소고기 수입,https://n.news.naver.com/article/newspaper/020/0003668866?date=20251022
동아일보,"다카이치와 두 번 결혼한 일본 첫 ‘퍼스트 젠틀맨’[지금, 이 사람]",https://n.news.naver.com/article/newspaper/020/0003668904?date=20251022
동아일보,백악관 대통령 부인 사무동 허물고 대형 연회장 마련,https://n.news.naver.com/article/newspaper/020/0003668867?date=20251022
동아일보,트럼프 친러에 화난 유럽… 네덜란드 “美와 기밀공유 축소”,https://n.news.naver.com/article/newspaper/020/0003668868?date=20251022
동아일보,"눈코입 뚜렷한 얼굴로 발레하는 中 로봇… “휴머노이드 ‘H2’, 인간 동작과 가장 비슷”",https://n.news.naver.com/article/newspaper/020/0003668869?date=20251022
동아일보,"불빛과 먹빛, 경주에 스며들다",https://n.news.naver.com/article/newspaper/020/0003668877?date=20251022
동아일보,“설경구 선배가 제 영화 중 ‘제일 재밌다’고 웃었죠”,https://n.news.naver.com/article/newspaper/020/0003668874?date=20251022
동아일보,"“예술-대중성 갖춘 ‘아이다’, 서울시오페라단 새 출발점”",https://n.news.naver.com/article/newspaper/020/0003668875?date=20251022
동아일보,아동도서 확 늘고 키즈존까지… 책 향기 더 깊어진 ‘금계 마을’[작은 도서관에 날개를],https://n.news.naver.com/article/newspaper/020/0003668876?date=20251022
동아일보,"[오늘의 채널A]소월, 천명훈 車에서 ‘여자 흔적’ 발견하는데…",https://n.news.naver.com/article/newspaper/020/0003668878?date=20251022
동아일보,불혹에도 코트가 좁은 ‘최리’… “45세 현역 도전해볼까요”,https://n.news.naver.com/article/newspaper/020/0003668870?date=20251022
동아일보,[오늘의 운세/10월 22일],https://n.news.naver.com/article/newspaper/020/0003668873?date=20251022
동아일보,‘류현진 매치’ 월드시리즈 토론토-다저스 맞붙는다,https://n.news.naver.com/article/newspaper/020/0003668871?date=20251022
동아일보,황선우-김우민 ‘황금 물살’ 나란히 4관왕,https://n.news.naver.com/article/newspaper/020/0003668872?date=20251022
동아일보,K클래식 미래 짊어질 21명의 샛별,https://n.news.naver.com/article/newspaper/020/0003668863?date=20251022
동아일보,제11회 ‘생명의 바다 그림대회’ 해수부장관상 박가희 양 등 1300명 수상,https://n.news.naver.com/article/newspaper/020/0003668865?date=20251022
동아일보,신생대 포항 고래화석-결핵체 천연기념물 지정 예고,https://n.news.naver.com/article/newspaper/020/0003668860?date=20251022
동아일보,[부고]전방자 별세 外,https://n.news.naver.com/article/newspaper/020/0003668861?date=20251022
동아일보,[인사]국세청 外,https://n.news.naver.com/article/newspaper/020/0003668862?date=20251022
동아일보,인구 800명 어촌 축구팀의 ‘가을동화’,https://n.news.naver.com/article/newspaper/020/0003668864?date=20251022
동아일보,[글로벌 현장을 가다/황인찬]‘성수동’서 성장한 K패션… 日 셀럽 성지 시부야 공략,https://n.news.naver.com/article/newspaper/020/0003668792?date=20251022
동아일보,20주년 맞은 ‘한일축제한마당’ 지켜온 일본 여성들[이즈미 지하루 한국 블로그],https://n.news.naver.com/article/newspaper/020/0003668791?date=20251022
동아일보,이상한 것이 정상이다[서광원의 자연과 삶]〈113〉,https://n.news.naver.com/article/newspaper/020/0003668790?date=20251022
동아일보,“당신의 고통을 이해한다”… 공감과 진정성으로 미디어 판을 뒤집다[이준만의 세상을 바꾼 기업가들],https://n.news.naver.com/article/newspaper/020/0003668789?date=20251022
동아일보,[광화문에서/조권형]국감서 쇼츠 양산하는 與… 유튜브 도파민 노리는 정치,https://n.news.naver.com/article/newspaper/020/0003668793?date=20251022
동아일보,"[박중현 칼럼]커지는 가격통제 유혹, ‘시장의 역습’ 걱정된다",https://n.news.naver.com/article/newspaper/020/0003668796?date=20251022
동아일보,[횡설수설/우경임]車 사고 환자 몰리는 한방병원… 보험치료비 연 1조 원,https://n.news.naver.com/article/newspaper/020/0003668795?date=20251022
동아일보,[고양이 눈]공생하는 삶,https://n.news.naver.com/article/newspaper/020/0003668788?date=20251022
동아일보,[특파원 칼럼/임우선]미국에 돌아온 트럼프의 칼날,https://n.news.naver.com/article/newspaper/020/0003668794?date=20251022
동아일보,[사설]경주 APEC에 글로벌 거물들 집결… ‘경제 국격’ 알리는 무대로,https://n.news.naver.com/article/newspaper/020/0003668799?date=20251022
동아일보,"[사설]절실한 서울 15만 채 공급, 겹규제로 묶어둘 여유 없다",https://n.news.naver.com/article/newspaper/020/0003668797?date=20251022
동아일보,[사설]강경 우파 다카이치 총리 취임… ‘韓日 한배 탄 이웃’ 잊지 말라,https://n.news.naver.com/article/newspaper/020/0003668798?date=20251022
동아일보,같이 먹는 한 끼[정덕현의 그 영화 이 대사]〈78〉,https://n.news.naver.com/article/newspaper/020/0003668787?date=20251022
동아일보,"공공재개발-재건축 도입 5년, 착공 실적은 ‘0’",https://n.news.naver.com/article/newspaper/020/0003668907?date=20251022
동아일보,코스피 5일 연속 사상 최고가 랠리… 차익실현 매물에 3900 못넘어,https://n.news.naver.com/article/newspaper/020/0003668804?date=20251022
동아일보,어버이날 카네이션 다 외국 품종이었네… 씨 마르는 ‘국산 종자’,https://n.news.naver.com/article/newspaper/020/0003668805?date=20251022
동아일보,대한항공-아시아나 독과점 노선 10개 이전 개시,https://n.news.naver.com/article/newspaper/020/0003668806?date=20251022
동아일보,추석 황금연휴 해외카드 이용 40% 급증… 국내 소비는 시들,https://n.news.naver.com/article/newspaper/020/0003668807?date=20251022
동아일보,수출 붐업 코리아… ‘김치 과자’도 한몫,https://n.news.naver.com/article/newspaper/020/0003668808?date=20251022
동아일보,간단보험대리점 상품 확대… 요양병원서 낙상보험 판매,https://n.news.naver.com/article/newspaper/020/0003668809?date=20251022
동아일보,中철강에 ‘우주항공용’ 맞불… “1700도 견딜 ‘스페셜티’ 만들것”,https://n.news.naver.com/article/newspaper/020/0003668810?date=20251022
동아일보,삼성-SK 협력사 등 참여… 청년 1500명에 일자리,https://n.news.naver.com/article/newspaper/020/0003668811?date=20251022
동아일보,"막오른 ‘한국판 CES’… 삼성·LG, 미래가전-AI 기술 격돌",https://n.news.naver.com/article/newspaper/020/0003668812?date=20251022
동아일보,"미래항공교통-함정용 엔진 등… K방산, ADEX서 MOU 잇따라",https://n.news.naver.com/article/newspaper/020/0003668813?date=20251022
동아일보,"쌀 식품기업, 삼성 스마트공장 지원받아 “해외 판로 개척”",https://n.news.naver.com/article/newspaper/020/0003668830?date=20251022
동아일보,"쿠팡, APEC 공식 홍보 협력사로 선정",https://n.news.naver.com/article/newspaper/020/0003668826?date=20251022
동아일보,"기아, 카자흐 ‘중앙亞 공략 합작공장’ 가동",https://n.news.naver.com/article/newspaper/020/0003668832?date=20251022
동아일보,G마켓 “5년 안에 JV 거래액 40조원으로 확대”,https://n.news.naver.com/article/newspaper/020/0003668833?date=20251022
동아일보,"정기선 HD현대 회장, 27일 APEC 행사서 기조연설",https://n.news.naver.com/article/newspaper/020/0003668824?date=20251022
동아일보,‘2025 K-ESG 경영대상’ 시상식,https://n.news.naver.com/article/newspaper/020/0003668825?date=20251022
동아일보,"조주완 LG전자 CEO, 금탑산업훈장",https://n.news.naver.com/article/newspaper/020/0003668827?date=20251022
동아일보,"몽블랑, ‘하이 아티스트리 컬렉션’ 국내 첫 공개",https://n.news.naver.com/article/newspaper/020/0003668828?date=20251022
동아일보,[지표로 보는 경제]10월 22일,https://n.news.naver.com/article/newspaper/020/0003668829?date=20251022
동아일보,하이엔드 커스텀 주방가구… ‘쿠치넬라’ 매장의 유혹,https://n.news.naver.com/article/newspaper/020/0003668831?date=20251022
동아일보,‘알고리즘의 틀’에서 벗어나 ‘스스로 고른’ 식탁을 꿈꾼다,https://n.news.naver.com/article/newspaper/020/0003668803?date=20251022
동아일보,“1년에 단 한 번”… ‘탑텐’ 할인행사 ‘텐텐데이’ 인기,https://n.news.naver.com/article/newspaper/020/0003668843?date=20251022
조선일보,“별건 수사로 진실 왜곡” 검찰 때린 법원,https://n.news.naver.com/article/newspaper/023/0003936028?date=20251022
조선일보,"일본 첫 여성 총리 다카이치 “한국, 중요한 이웃 국가”",https://n.news.naver.com/article/newspaper/023/0003936027?date=20251022
조선일보,“가용정책 총동원” 부동산 몰아치는 李,https://n.news.naver.com/article/newspaper/023/0003936029?date=20251022
조선일보,여순 사건의 마지막 생존 장교 “국민에 총 겨눈건 남로당 세력”,https://n.news.naver.com/article/newspaper/023/0003936026?date=20251022
조선일보,“이승만 정부 분쇄” 내걸고 1200명 살해,https://n.news.naver.com/article/newspaper/023/0003936025?date=20251022
조선일보,갭투자·재건축 딱지로 수십억 차익… 민심 불지른 ‘부동산 4인방’,https://n.news.naver.com/article/newspaper/023/0003936022?date=20251022
조선일보,"李, 코스피 상승에 자신감… 부동산 정면돌파 의지",https://n.news.naver.com/article/newspaper/023/0003936023?date=20251022
조선일보,여야 부동산 대책기구 발족… 野는 당대표가 특위위원장,https://n.news.naver.com/article/newspaper/023/0003936024?date=20251022
조선일보,조희대 “공론화 때 사법부 의견 낼 것”,https://n.news.naver.com/article/newspaper/023/0003936021?date=20251022
조선일보,"“대법이 재판 최종 심사, 헌법에 명시… 4심제 위헌 소지”",https://n.news.naver.com/article/newspaper/023/0003936020?date=20251022
조선일보,"與의원들, 김어준 유튜브 나와 “K법률 강국 되는 것”",https://n.news.naver.com/article/newspaper/023/0003936019?date=20251022
조선일보,"美, 호주·日과 ‘희토류 동맹’… 中 통제에 맞불",https://n.news.naver.com/article/newspaper/023/0003936018?date=20251022
조선일보,한미정상회담 합의문에 ‘韓 핵연료 재처리 허용’ 담길 듯,https://n.news.naver.com/article/newspaper/023/0003936017?date=20251022
조선일보,"李, 日 다카이치에 “경주서 만남 고대… 셔틀외교 이어가자”",https://n.news.naver.com/article/newspaper/023/0003936016?date=20251022
조선일보,여성 총리 막았던 日 정치 ‘3중 장벽’,https://n.news.naver.com/article/newspaper/023/0003936013?date=20251022
조선일보,"다카이치 “한국의 우려 알지만, 난 한국 김도 드라마도 좋아한다”",https://n.news.naver.com/article/newspaper/023/0003936014?date=20251022
조선일보,손은 잡았지만 불안한 ‘자·유 연정’,https://n.news.naver.com/article/newspaper/023/0003936015?date=20251022
조선일보,"[단독] 개헌자문위, 새 헌법에 법관 파면제 도입 유력 검토",https://n.news.naver.com/article/newspaper/023/0003936036?date=20251022
조선일보,경찰의 날에 남영동 ‘대공분실’ 찾은 李대통령,https://n.news.naver.com/article/newspaper/023/0003936012?date=20251022
조선일보,최민희 “내 보도 편향”… MBC 보도본부장 퇴장시켜,https://n.news.naver.com/article/newspaper/023/0003936011?date=20251022
조선일보,[단독] 동부지검 ‘세관 마약’ 합수단장에 채수양 검사,https://n.news.naver.com/article/newspaper/023/0003936034?date=20251022
조선일보,"해병 특검, 임성근 구속영장 청구",https://n.news.naver.com/article/newspaper/023/0003936010?date=20251022
조선일보,이종호 “특검이 진술 안 하면 재산 형성 과정 털겠다 협박”,https://n.news.naver.com/article/newspaper/023/0003936006?date=20251022
조선일보,"영덕, 화재로 산지 60% 탔지만 가을 장마 덕분에 ‘송이 풍년’",https://n.news.naver.com/article/newspaper/023/0003936009?date=20251022
조선일보,‘캄보디아 송환’ 59명 무더기 구속,https://n.news.naver.com/article/newspaper/023/0003936008?date=20251022
조선일보,전화구독문의1577-8585,tel:1577-8585
조선일보,"[단독] ‘뻥튀기 논란’ 국가 재활용률, 26년 만에 손본다",https://n.news.naver.com/article/newspaper/023/0003936033?date=20251022
조선일보,오늘 최저 3도… 내일부터 주말까진 평년 기온,https://n.news.naver.com/article/newspaper/023/0003936004?date=20251022
조선일보,"[관가 인사이드] 성평등부의 性형평성기획과, 남성 역차별 제도 개선한다는데…",https://n.news.naver.com/article/newspaper/023/0003936003?date=20251022
조선일보,"[단독] 고령자, 60세 이상으로 상향 추진, 기업들 오히려 고용 줄일 가능성",https://n.news.naver.com/article/newspaper/023/0003936035?date=20251022
조선일보,"가자 휴전 10일만에 공습… 트럼프, 부통령·사위·특사 다 보냈다",https://n.news.naver.com/article/newspaper/023/0003935999?date=20251022
조선일보,"한때는 절친, 이제는 절교? 최악 치닫는 美·콜롬비아 관계",https://n.news.naver.com/article/newspaper/023/0003936002?date=20251022
조선일보,"美 셧다운 와중에, 백악관 새 연회장 공사",https://n.news.naver.com/article/newspaper/023/0003936000?date=20251022
조선일보,모나리자도 안심 못할 판,https://n.news.naver.com/article/newspaper/023/0003936001?date=20251022
조선일보,쇼팽 콩쿠르도 ‘아시아 돌풍’… “동양적 가치관+서구의 개성 흡수한 결과”,https://n.news.naver.com/article/newspaper/023/0003935981?date=20251022
조선일보,"이건희 유산, 그 후 5년… 한국 350만 매료시키고 이제는 세계로",https://n.news.naver.com/article/newspaper/023/0003935978?date=20251022
조선일보,[일사일언] 쾌락은 기대에서 나온다,https://n.news.naver.com/article/newspaper/023/0003935979?date=20251022
조선일보,연애가 궁금한 열여덟 소녀… “세상에 나오지 않은 진짜 이야기”,https://n.news.naver.com/article/newspaper/023/0003935980?date=20251022
조선일보,"김환기 ‘푸른 점화’,  韓미술품 최고가 다시 쓸까",https://n.news.naver.com/article/newspaper/023/0003935984?date=20251022
조선일보,김상정 교수 향설의학상,https://n.news.naver.com/article/newspaper/023/0003935985?date=20251022
조선일보,[인사] 행정안전부,https://n.news.naver.com/article/newspaper/023/0003935982?date=20251022
조선일보,[플라자] 예산 절감 아이디어 공모,https://n.news.naver.com/article/newspaper/023/0003935983?date=20251022
조선일보,이지형 서울투자진흥재단 이사장,https://n.news.naver.com/article/newspaper/023/0003935986?date=20251022
조선일보,라종억 기묘국제대 명예박사,https://n.news.naver.com/article/newspaper/023/0003935987?date=20251022
조선일보,[부음] 박용자 별세 외,https://n.news.naver.com/article/newspaper/023/0003935988?date=20251022
조선일보,“도서관은 조용한 공부방? 시끄러워야 하는 곳”,https://n.news.naver.com/article/newspaper/023/0003935990?date=20251022
조선일보,‘전자·IT의 날’… LG전자 조주완 금탑산업훈장,https://n.news.naver.com/article/newspaper/023/0003935991?date=20251022
조선일보,[제30회 LG배 조선일보 기왕전] 신민준 8강,https://n.news.naver.com/article/newspaper/023/0003935976?date=20251022
조선일보,[TV조선] 천록담의 ‘효도 관광’,https://n.news.naver.com/article/newspaper/023/0003935977?date=20251022
조선일보,[해외 스포츠 인사이드] 인구 1400명 어촌 구단의 기적,https://n.news.naver.com/article/newspaper/023/0003935992?date=20251022
조선일보,"토론토, 32년 만에 월드시리즈 진출",https://n.news.naver.com/article/newspaper/023/0003935998?date=20251022
조선일보,7년 만에 안방서 女골프 최강국 도전,https://n.news.naver.com/article/newspaper/023/0003935997?date=20251022
조선일보,"‘대전 왕자’ 문동주, 가을을 지배하다",https://n.news.naver.com/article/newspaper/023/0003935995?date=20251022
조선일보,[오늘의 경기] 2025년 10월 22일,https://n.news.naver.com/article/newspaper/023/0003935994?date=20251022
조선일보,[스코어 보드] 2025년 10월 21일,https://n.news.naver.com/article/newspaper/023/0003935993?date=20251022
조선일보,야수처럼 포효 ‘오버 액션’? 미리 계획한 야구 작전입니다,https://n.news.naver.com/article/newspaper/023/0003935942?date=20251022
조선일보,"[스포츠 브리핑] 조엘진, 전국체전 육상 단거리 3관왕",https://n.news.naver.com/article/newspaper/023/0003935996?date=20251022
조선일보,[리빙포인트] 밤은 김치냉장고에 보관하세요,https://n.news.naver.com/article/newspaper/023/0003935947?date=20251022
조선일보,[남성욱의 한반도 워치] 자주파와 동맹파의 대결... 승자는 어느 쪽이 될 것인가,https://n.news.naver.com/article/newspaper/023/0003935948?date=20251022
조선일보,[정옥희의 몸짓 탐구생활] [6] 도로 위의 몸짓 읽기,https://n.news.naver.com/article/newspaper/023/0003935949?date=20251022
조선일보,[기고] 방한 관광객 3000만 시대 바라보는 경복궁 플래그십 스토어,https://n.news.naver.com/article/newspaper/023/0003935950?date=20251022
조선일보,[朝鮮칼럼] ‘극우’가 아니라 민주당 행태에 화난 것이다,https://n.news.naver.com/article/newspaper/023/0003935955?date=20251022
조선일보,[만물상] 한은의 金 트라우마,https://n.news.naver.com/article/newspaper/023/0003935924?date=20251022
조선일보,[기자의 시각] 인도 ‘총리 박물관’에서 본 한국,https://n.news.naver.com/article/newspaper/023/0003935951?date=20251022
조선일보,[김도훈의 엑스레이] [92] 나의 고양이 선생님,https://n.news.naver.com/article/newspaper/023/0003935952?date=20251022
조선일보,"[사설] 정치인 결혼식 해명에 등장한 ‘양자역학’, 국민 우롱이다",https://n.news.naver.com/article/newspaper/023/0003935957?date=20251022
조선일보,[태평로] ‘방글라데시 신호등’ 같은 정권,https://n.news.naver.com/article/newspaper/023/0003935953?date=20251022
조선일보,[김준의 맛과 섬] [262] 영광 송이도 백합탕,https://n.news.naver.com/article/newspaper/023/0003935954?date=20251022
조선일보,[사설] “별건 수사는 진실 왜곡” 법원의 검찰 비판,https://n.news.naver.com/article/newspaper/023/0003935956?date=20251022
조선일보,[사설] 국민 울화 돋우는 정책 책임자들 부동산 내로남불,https://n.news.naver.com/article/newspaper/023/0003935958?date=20251022
조선일보,‘50만닉스’ 찍고 ’10만전자' 초읽기… 반도체 투톱 더 갈까,https://n.news.naver.com/article/newspaper/023/0003935960?date=20251022
조선일보,"눈에 전자칩 이식하자, 잃었던 시력 되찾았다",https://n.news.naver.com/article/newspaper/023/0003935959?date=20251022
조선일보,“中보다 기술 앞선다” 답한 韓 기업 10곳 중 3곳뿐,https://n.news.naver.com/article/newspaper/023/0003935844?date=20251022
조선일보,[단독] 기술력 공인받았다더니… 기술 특례 상장 82곳 중 48곳이 주가 뚝,https://n.news.naver.com/article/newspaper/023/0003936037?date=20251022
조선일보,"대통령은 ‘서민 금리 부담 낮추라’는데, 대출 갈아타기 제동 건 정부",https://n.news.naver.com/article/newspaper/023/0003935893?date=20251022
조선일보,국제구호단체들이 AI로 만드는 ‘빈곤 포르노’,https://n.news.naver.com/article/newspaper/023/0003935863?date=20251022
조선일보,조사 문항마다 왜 묻는지 다 써준다... 인구주택총조사 22일 시작,https://n.news.naver.com/article/newspaper/023/0003935843?date=20251022
조선일보,"“캐즘 돌파구”… 배터리 3사, 1조 ESS 수주 경쟁",https://n.news.naver.com/article/newspaper/023/0003935964?date=20251022
조선일보,"지마켓, 年 7000억 투입… 5년 내 거래액 배 이상 늘리기로",https://n.news.naver.com/article/newspaper/023/0003935963?date=20251022
조선일보,수작업 자동화로 매출 수십억 늘고 작업 동선 줄여 불량률 40%p 급감,https://n.news.naver.com/article/newspaper/023/0003935965?date=20251022
조선일보,美 아마존 서버 장애로 세계 웹사이트·앱 멈췄다,https://n.news.naver.com/article/newspaper/023/0003935865?date=20251022
조선일보,서울대 ‘최고 경영자 과정’ 50주년 기념 음악회,https://n.news.naver.com/article/newspaper/023/0003935967?date=20251022
조선일보,패시브 자금이 움직인다… MSCI 정기 리뷰 앞두고 ‘선매수’ 전략 주목,https://n.news.naver.com/article/newspaper/023/0003935854?date=20251022
조선일보,“연 9% 적금 3년 만기 오는데”...갈아탈 상품 없는 예테크족 ‘혼란’,https://n.news.naver.com/article/newspaper/023/0003935882?date=20251022
조선일보,“집 살 때 실거주 아니면 허가 안 내주겠다는 것… 사실상 서울의 평양화”,https://n.news.naver.com/article/newspaper/023/0003935973?date=20251022
조선일보,시니어 주거·케어시설 개발 전문가 과정 29일 개강,https://n.news.naver.com/article/newspaper/023/0003935969?date=20251022
조선일보,한남동 자투리 땅 살린 5층 꼬마빌딩,https://n.news.naver.com/article/newspaper/023/0003935970?date=20251022
조선일보,“소득 없으면 임차료 0원”… 맨해튼 노인 임대주택의 ‘파격’,https://n.news.naver.com/article/newspaper/023/0003935971?date=20251022
조선일보,투자자들 “물건만 나오면 바로 계약”… 수도권 핵심 입지 부동산 NPL 인기,https://n.news.naver.com/article/newspaper/023/0003935972?date=20251022
조선일보,"“돌봄 폭풍 몰려오는데,  ‘케어’ 빠진 노인 주거시설 오래 못가”",https://n.news.naver.com/article/newspaper/023/0003935974?date=20251022
조선일보,땅집고 건축주대학 32기 과정 수강생 모집,https://n.news.naver.com/article/newspaper/023/0003935975?date=20251022
중앙일보,"의원님들, F학점도 아깝습니다…존중·스타·정책 없는 '3무 국감'",https://n.news.naver.com/article/newspaper/025/0003476949?date=20251022
중앙일보,"김용범·김정관, 오늘 다시 방미…한·미 관세 담판",https://n.news.naver.com/article/newspaper/025/0003476936?date=20251022
중앙일보,SM 주가조작 혐의…김범수 1심 무죄,https://n.news.naver.com/article/newspaper/025/0003476937?date=20251022
중앙일보,[사진] 전직 총리들 박수받는 다카이치 신임 총리,https://n.news.naver.com/article/newspaper/025/0003476938?date=20251022
중앙일보,"“돈 모아 집값 내리면 사라”더니…이상경, 분당 갭투자 6억 벌었다",https://n.news.naver.com/article/newspaper/025/0003476934?date=20251022
중앙일보,팬텀싱어∙라포엠이 전하는 사랑의 하모니 '더 러브 심포니' [중앙일보 창간 60주년 콘서트],https://n.news.naver.com/article/newspaper/025/0003476935?date=20251022
중앙일보,"한숨 돌린 카카오, AI·스테이블코인 등 신사업 속도 낼 듯",https://n.news.naver.com/article/newspaper/025/0003476932?date=20251022
중앙일보,이 대통령 “투기수요 철저히 억제”…집값 총력 대응 국무회의서 지시,https://n.news.naver.com/article/newspaper/025/0003476931?date=20251022
중앙일보,추미애방지법 내자 나경원방지법 맞불…보좌진도 부끄럽다,https://n.news.naver.com/article/newspaper/025/0003476947?date=20251022
중앙일보,"""스콜 금방 그친다""…훈센 측근 '스캠 리조트' 제재 비웃듯 북적 [르포]",https://n.news.naver.com/article/newspaper/025/0003476950?date=20251022
중앙일보,"캄보디아서 숨진 대학생 유해, 74일만에 유족 품으로",https://n.news.naver.com/article/newspaper/025/0003476933?date=20251022
중앙일보,“한국은 매우 중요한 이웃…이 대통령 만나고 싶다”,https://n.news.naver.com/article/newspaper/025/0003476928?date=20251022
중앙일보,일본 첫 ‘퍼스트 젠틀맨’은 뇌경색…다카이치가 직접 목욕시켜,https://n.news.naver.com/article/newspaper/025/0003476930?date=20251022
중앙일보,오사카서 싹튼 ‘보수 정당’ 유신회…아베 때부터 자민당과 네트워크,https://n.news.naver.com/article/newspaper/025/0003476929?date=20251022
중앙일보,“지역 활력” vs “재정 거덜” 월 15만원 농어촌기본소득 논란,https://n.news.naver.com/article/newspaper/025/0003476925?date=20251022
중앙일보,채 해병 순직 824일만에…임성근 영장청구,https://n.news.naver.com/article/newspaper/025/0003476926?date=20251022
중앙일보,[사진] 해킹당한 5개사 대표 국감 출석,https://n.news.naver.com/article/newspaper/025/0003476922?date=20251022
중앙일보,전화구독문의,https://jmembership.joins.com/Subs/default.aspx
중앙일보,"""지금 놓치면 100년 뒤 본다""…12시간 줄서는 中 국보1호 열풍",https://n.news.naver.com/article/newspaper/025/0003476954?date=20251022
중앙일보,독일 총리 “극우정당이 최대 숙적”,https://n.news.naver.com/article/newspaper/025/0003476924?date=20251022
중앙일보,"휠체어 탄 강원래에…셀프 주유소 ""직접 주유하세요, 그게 법""",https://n.news.naver.com/article/newspaper/025/0003476948?date=20251022
중앙일보,"MBC 기자회 “최민희, 언론자유 위협”",https://n.news.naver.com/article/newspaper/025/0003476923?date=20251022
중앙일보,경찰 출신 아빠가 말렸지만…경찰 택한 12년 경력 간호사,https://n.news.naver.com/article/newspaper/025/0003476911?date=20251022
중앙일보,[오늘의 날씨] 10월 22일,https://n.news.naver.com/article/newspaper/025/0003476910?date=20251022
중앙일보,"""한국, 올해 쌀 15만t 지원…비타민·미네랄 넣어 만족도 98%""",https://n.news.naver.com/article/newspaper/025/0003476953?date=20251022
중앙일보,"[사랑방] 조주완 LG전자 CEO, 금탑산업훈장 수훈",https://n.news.naver.com/article/newspaper/025/0003476917?date=20251022
중앙일보,[사랑방]  2025 APEC 정상회의 기념 세계종합격투기대회,https://n.news.naver.com/article/newspaper/025/0003476919?date=20251022
중앙일보,[사랑방] 제1회 향설의학상에 김상정 서울대 교수,https://n.news.naver.com/article/newspaper/025/0003476915?date=20251022
중앙일보,[인사] 한국대기환경학회 外,https://n.news.naver.com/article/newspaper/025/0003476920?date=20251022
중앙일보,[부고] 김석규씨 外,https://n.news.naver.com/article/newspaper/025/0003476921?date=20251022
중앙일보,[사진] 축제 폭죽에…인도 공기 최악,https://n.news.naver.com/article/newspaper/025/0003476914?date=20251022
중앙일보,1·2·3·4위…‘쇼팽’ 홀린 중국 바람,https://n.news.naver.com/article/newspaper/025/0003476902?date=20251022
중앙일보,하루 한권 팔려도…작은 출판사 ‘해외문학 뚝심’,https://n.news.naver.com/article/newspaper/025/0003476905?date=20251022
중앙일보,25일 한강서 가을 운동회 ‘시티포레스티벌’로 초대,https://n.news.naver.com/article/newspaper/025/0003476907?date=20251022
중앙일보,[장석광의 세계는 첩보 전쟁] 아프간서 국민 22명 구출한 정보요원의 씁쓸한 퇴장,https://n.news.naver.com/article/newspaper/025/0003476904?date=20251022
중앙일보,"[노트북을 열며] 검색창 대신 AI 프롬프트, IT 비즈니스 공식이 바뀐다",https://n.news.naver.com/article/newspaper/025/0003476897?date=20251022
중앙일보,"[안혜리의 질문하는 인생] ""은퇴후 과거 집착은 연명 치료…명함으로 쓸모 증명 말라""",https://n.news.naver.com/article/newspaper/025/0003476906?date=20251022
중앙일보,[취재일기] 부동산 대책 혼란 키우는 구윤철의 ‘입’,https://n.news.naver.com/article/newspaper/025/0003476898?date=20251022
중앙일보,[김도연의 마음 읽기] 고개를 넘는 법,https://n.news.naver.com/article/newspaper/025/0003476899?date=20251022
중앙일보,"[권근영의 아는 그림] 먼저 온 그림, 미래의 관객",https://n.news.naver.com/article/newspaper/025/0003476893?date=20251022
중앙일보,[차세현의 글로벌 이슈 진단] 농촌 표심에 흔들리는 트럼프 관세…브라질에 화해 손짓,https://n.news.naver.com/article/newspaper/025/0003476908?date=20251022
중앙일보,[신준봉의 시선] 우리는 어떤 도서관을 가질 것인가,https://n.news.naver.com/article/newspaper/025/0003476900?date=20251022
중앙일보,[김동률의 거리에서] 부베의 여인이 죽었다,https://n.news.naver.com/article/newspaper/025/0003476894?date=20251022
중앙일보,아침의 문장,https://n.news.naver.com/article/newspaper/025/0003476891?date=20251022
중앙일보,[시론] AI와 안보가 결합되는 세계적 흐름 읽어야,https://n.news.naver.com/article/newspaper/025/0003476901?date=20251022
중앙일보,"[워린 로버트슨의 마켓 나우] 안전하다는 인프라 투자, 옥석은 가려야",https://n.news.naver.com/article/newspaper/025/0003476895?date=20251022
중앙일보,[고정애의 시시각각] 대통령실만 보인다,https://n.news.naver.com/article/newspaper/025/0003476909?date=20251022
중앙일보,[사설] 막말·조롱으로 얼룩지는 이재명 정부 첫 국정감사,https://n.news.naver.com/article/newspaper/025/0003476918?date=20251022
중앙일보,"[사설] 신임 다카이치 총리, 한·일 미래지향적 협력 계승해야",https://n.news.naver.com/article/newspaper/025/0003476916?date=20251022
중앙일보,[박용석 만평] 10월 22일,https://n.news.naver.com/article/newspaper/025/0003476853?date=20251022
중앙일보,"[중앙시평] 10·15 대책, 부동산 시장의 서킷브레이커",https://n.news.naver.com/article/newspaper/025/0003476912?date=20251022
중앙일보,[김명화의 테아트룸 문디] 걸작과 결별하기,https://n.news.naver.com/article/newspaper/025/0003476896?date=20251022
중앙일보,"당국이 차분하네, 과거와 다른 ‘환율 1400원대’",https://n.news.naver.com/article/newspaper/025/0003476887?date=20251022
중앙일보,[단독] 서울 아파트 3분의 1이 대출 묶였다…'15억 초과' 32.5%,https://n.news.naver.com/article/newspaper/025/0003476943?date=20251022
중앙일보,[Today’s PICK] IoT 센서만 붙여놔도 내 정신건강 안다고?,https://n.news.naver.com/article/newspaper/025/0003476886?date=20251022
중앙일보,“이자 줄이려면 2억 갚으라니” 부동산 규제에 막힌 대출 환승,https://n.news.naver.com/article/newspaper/025/0003476890?date=20251022
중앙일보,"글로벌 기업, 트럼프 관세 후폭풍…재정적 타격 350억 달러 이를 듯",https://n.news.naver.com/article/newspaper/025/0003476888?date=20251022
중앙일보,[사진] 대기업 우수 협력사 일자리 찾아라,https://n.news.naver.com/article/newspaper/025/0003476889?date=20251022
중앙일보,뇌 임플란트 시술 받을래요? 텔레파시 ‘머리 끝’까지 왔다,https://n.news.naver.com/article/newspaper/025/0003476951?date=20251022
중앙일보,알리 업은 G마켓 “5년내 거래액 2배로”…국내외 동시 공략,https://n.news.naver.com/article/newspaper/025/0003476884?date=20251022
중앙일보,"""현금 성과급 깎일라"" 주가 연동 중장기 보상 싫다는 삼성 노조 [현장에서]",https://n.news.naver.com/article/newspaper/025/0003476944?date=20251022
중앙일보,셀트리온 3분기 영업익 3010억 ‘역대 최대’,https://n.news.naver.com/article/newspaper/025/0003476881?date=20251022
중앙일보,추석연휴 늦은 탓? 대한항공 3분기 영업익 -39%,https://n.news.naver.com/article/newspaper/025/0003476882?date=20251022
중앙일보,"[Biz & Now] 탑텐 ‘텐텐데이’ 세일, 주말 새 매출 200억",https://n.news.naver.com/article/newspaper/025/0003476883?date=20251022
중앙일보,"[Biz & Now] 삼성SDI, 전기안전공사와 ‘ESS 안전 생태계’ 만든다",https://n.news.naver.com/article/newspaper/025/0003476885?date=20251022
중앙일보,[Biz & Now] 30돌 CJ올리브네트웍스 “5년뒤 AX기업 톱5 도약”,https://n.news.naver.com/article/newspaper/025/0003476877?date=20251022
중앙일보,[Biz & Now] 웰니스 로봇 ‘나무엑스’ 예약 판매,https://n.news.naver.com/article/newspaper/025/0003476876?date=20251022
중앙일보,[Biz & Now] SKT AI ‘에이닷’ 이용자 1000만 돌파,https://n.news.naver.com/article/newspaper/025/0003476878?date=20251022
중앙일보,"요소수 대란 4년…중국산 의존 줄인다더니, 다시 27%→62%",https://n.news.naver.com/article/newspaper/025/0003476952?date=20251022
중앙일보,"“매출 100억 증가, 고용도 늘었죠”…떡국공장 비결 ‘삼성 스마트공장’",https://n.news.naver.com/article/newspaper/025/0003476879?date=20251022
중앙일보,‘불펜’ 동주 ‘불패’ 한화,https://n.news.naver.com/article/newspaper/025/0003476880?date=20251022
중앙일보,"PGA 4승 김시우, 9년만에 국내 KPGA 대회 뜬다",https://n.news.naver.com/article/newspaper/025/0003476871?date=20251022
중앙일보,불혹의 ‘킹’ 왕관 지킬까,https://n.news.naver.com/article/newspaper/025/0003476874?date=20251022
중앙일보,"정관장 돌풍, 그 뒤엔 ‘필리핀 덩크왕’ 있었다",https://n.news.naver.com/article/newspaper/025/0003476872?date=20251022
중앙일보,[삼성화재배 AI와 함께하는 바둑 해설] 보리 선수,https://n.news.naver.com/article/newspaper/025/0003476875?date=20251022
중앙일보,[오늘의 운세] 10월 22일,https://n.news.naver.com/article/newspaper/025/0003476892?date=20251022
한겨레,‘아베 계승’ 다카이치 일본 첫 여성 총리 선출,https://n.news.naver.com/article/newspaper/028/0002771997?date=20251022
한겨레,"[단독] 한미, 29일 정상회담 뒤 관세·안보 관련 합의문 발표 예정",https://n.news.naver.com/article/newspaper/028/0002772073?date=20251022
한겨레,"검찰, 김범수 무죄에 “항소 검토”…법원 ‘별건 수사’ 지적엔 “납득 어렵다”",https://n.news.naver.com/article/newspaper/028/0002772101?date=20251022
한겨레,"판사들, 업무시간 술먹고 노래방 가더니…재판 핑계 국감 불출석",https://n.news.naver.com/article/newspaper/028/0002772111?date=20251022
한겨레,"APEC 기간 한·미, 한·중에 한·일 정상회담까지 다 열린다",https://n.news.naver.com/article/newspaper/028/0002772043?date=20251022
한겨레,취임 즉시 ‘가시밭길’ 다카이치…유신회 ‘연정 청구서’ 버틸 수 있을까,https://n.news.naver.com/article/newspaper/028/0002772058?date=20251022
한겨레,"이 대통령, 코스피 최고치 경신에 “비생산적 투기 철저히 억제해야”",https://n.news.naver.com/article/newspaper/028/0002772069?date=20251022
한겨레,민주 “수도권 시·군·구별 ‘주택 공급지도’ 연말까지 마련” 민심 수습,https://n.news.naver.com/article/newspaper/028/0002772109?date=20251022
한겨레,"이 대통령, ‘경찰의 날’ 맞아 “국민 편에 선 민주 경찰로 거듭나야”",https://n.news.naver.com/article/newspaper/028/0002772120?date=20251022
한겨레,[단독] 이종호 “임성근 구명 부탁받았다” 첫 인정,https://n.news.naver.com/article/newspaper/028/0002772040?date=20251022
한겨레,민주당 허위조작정보 근절안에…“표현자유 침해 위험·위헌 소지”,https://n.news.naver.com/article/newspaper/028/0002772122?date=20251022
한겨레,"민주 “재판소원, 국민기본권 구제 위한 것”…국힘 공세 맞서 여론전",https://n.news.naver.com/article/newspaper/028/0002772134?date=20251022
한겨레,"정부, 캄보디아 범죄조직 범죄 수익 국내 환수 추진",https://n.news.naver.com/article/newspaper/028/0002771671?date=20251022
한겨레,캄보디아서 도주해 태국·라오스로…‘범죄 풍선 효과’ 현실화,https://n.news.naver.com/article/newspaper/028/0002772097?date=20251022
한겨레,전화구독문의,http://nuri.hani.co.kr/hanisite/mobile/index.html
한겨레,"금감원장 “민중기 ‘주식 거래’ 관련 사건, 공소시효 완료…재조사 어려워”",https://n.news.naver.com/article/newspaper/028/0002772049?date=20251022
한겨레,언니들과 함께 달리는 안전한 밤…연대감 ‘뿜뿜’ 자신감 ‘업업’,https://n.news.naver.com/article/newspaper/028/0002772110?date=20251022
한겨레,[단독] 8월 숨진 학폭 피해 학생…“빌미 줬다” 학폭위서 ‘2차 가해’,https://n.news.naver.com/article/newspaper/028/0002772119?date=20251022
한겨레,"임신중지약, 허가 지연 속 불법판매 기승…식약처는 “법개정 우선”",https://n.news.naver.com/article/newspaper/028/0002772062?date=20251022
한겨레,"울산시, 2군 프로야구단 창단 승인…내년 퓨처스리그 참가",https://n.news.naver.com/article/newspaper/028/0002772042?date=20251022
한겨레,부산·경남·광주 사립학교 교원 10명 중 4명은 비정규직…공교육 퇴행 우려,https://n.news.naver.com/article/newspaper/028/0002772052?date=20251022
한겨레,한국옵티칼 투쟁단 경주행…“APEC은 닛토 만행 논의하라”,https://n.news.naver.com/article/newspaper/028/0002772057?date=20251022
한겨레,지난해 열차 승차권 반환 8천만건 ‘역대 최다’…수수료만 420억,https://n.news.naver.com/article/newspaper/028/0002772060?date=20251022
한겨레,캄보디아 송환 피의자 10명 구속영장 추가 발부…영장 청구 58명 전원 구속,https://n.news.naver.com/article/newspaper/028/0002772126?date=20251022
한겨레,"트럼프, 호주와 ‘희토류 동맹’ 서명…“1년 뒤엔 차고 넘칠 것”",https://n.news.naver.com/article/newspaper/028/0002772132?date=20251022
한겨레,“트럼프가 김정은에 매우 관심 쏟는 건 북한 부동산 개발 때문”,https://n.news.naver.com/article/newspaper/028/0002771917?date=20251022
한겨레,"중국, 희토류 통제 강화 전 9월도 대미 수출 29%↓…상시 갈등 ‘불씨’",https://n.news.naver.com/article/newspaper/028/0002772001?date=20251022
한겨레,이찬진 금감원장 “삼성화재 지분법 적용 문제 정리할 것”,https://n.news.naver.com/article/newspaper/028/0002772107?date=20251022
한겨레,“외출” 말하자 로봇이 조명 끄고 청소…삼성-LG ‘AI 가전’ 경쟁,https://n.news.naver.com/article/newspaper/028/0002772117?date=20251022
한겨레,"금융당국 퇴직자, 로펌·보험·저축은행 순 재취업…두나무·빗썸행 급증",https://n.news.naver.com/article/newspaper/028/0002771942?date=20251022
한겨레,"삼성 준감위, 미전실 부활 판까나…“경쟁력 강화에 컨트롤타워 필요”",https://n.news.naver.com/article/newspaper/028/0002772039?date=20251022
한겨레,‘김범수 1심 무죄’에 한숨 돌린 카카오…사법 리스크 털어낼까,https://n.news.naver.com/article/newspaper/028/0002772059?date=20251022
한겨레,"알리 손잡은 ‘1세대 이커머스’ 지마켓, 역직구·AI로 재도약 노린다",https://n.news.naver.com/article/newspaper/028/0002772065?date=20251022
한겨레,영화보다 원작 소설에 가깝게…소리로 풀어낸 ‘서편제’,https://n.news.naver.com/article/newspaper/028/0002772005?date=20251022
한겨레,고통을 딛고 뚜벅뚜벅 앞으로 나아가는 힘…영화 ‘세계의 주인’,https://n.news.naver.com/article/newspaper/028/0002772016?date=20251022
한겨레,노래로 한 시대를 지키다…고 박성연 소환하는 ‘디바 야누스’,https://n.news.naver.com/article/newspaper/028/0002772027?date=20251022
한겨레,“하층민 살던 왕십리는 도성 사람들의 삶과 죽음 책임졌죠”,https://n.news.naver.com/article/newspaper/028/0002772089?date=20251022
한겨레,10월22일 인사,https://n.news.naver.com/article/newspaper/028/0002772091?date=20251022
한겨레,10월22일 알림,https://n.news.naver.com/article/newspaper/028/0002772082?date=20251022
한겨레,10월22일 궂긴 소식,https://n.news.naver.com/article/newspaper/028/0002772079?date=20251022
한겨레,"‘파이어볼러’ 문동주, PO 3차전 삼성 방망이 잠재웠다",https://n.news.naver.com/article/newspaper/028/0002772130?date=20251022
한겨레,‘말달리자’ 크라잉넛 데뷔 30돌 전시·페스티벌 난장,https://n.news.naver.com/article/newspaper/028/0002771937?date=20251022
한겨레,"‘재수생’ 에릭 루, 쇼팽 콩쿠르를 거머쥐다",https://n.news.naver.com/article/newspaper/028/0002772000?date=20251022
한겨레,공작새의 화법 [이문영의 당신은 소설],https://n.news.naver.com/article/newspaper/028/0002772075?date=20251022
한겨레,60년 전 탄생한 섬에 생긴 일 [오철우의 과학풍경],https://n.news.naver.com/article/newspaper/028/0002772072?date=20251022
한겨레,‘내란 종식’의 본질은 부패한 엘리트 카르텔 혁파 [신진욱의 시선],https://n.news.naver.com/article/newspaper/028/0002772113?date=20251022
한겨레,뉴진스의 앞날은? [유레카],https://n.news.naver.com/article/newspaper/028/0002772080?date=20251022
한겨레,한국형 재난과 반복되는 죽음 [전국 프리즘],https://n.news.naver.com/article/newspaper/028/0002772114?date=20251022
한겨레,우회전 깜빡이 넣고 좌회전한다는데 [아침햇발],https://n.news.naver.com/article/newspaper/028/0002772084?date=20251022
한겨레,[사설] 갭투자 대신할 대안의 ‘주거 사다리’ 정책도 마련해야,https://n.news.naver.com/article/newspaper/028/0002772094?date=20251022
한겨레,[사설] ‘가짜뉴스 근절’이 ‘언론자유’ 위축으로 이어져선 안 돼,https://n.news.naver.com/article/newspaper/028/0002772099?date=20251022
한겨레,"[사설] 일 ‘강경 보수’ 다카이치 정권 출범, 외교 파고 대비해야",https://n.news.naver.com/article/newspaper/028/0002772103?date=20251022
